cycle,time_sim,tasks,transitions,updates,replay_size,epsilon,mean_loss,candidates,candidates_since_log,wall_seconds_since_log,device
500,2.499999999999969,12,11,0,11,1.0,,115,115,2.2927938000000267,cuda
1000,4.999999999999916,28,27,0,27,1.0,,216,101,1.8004618999999593,cuda
1500,7.499999999999862,45,44,0,44,1.0,,460,244,4.131165300000021,cuda
2000,10.000000000000163,63,62,0,62,1.0,,698,238,2.8952686000000085,cuda
2500,12.500000000000554,76,75,0,75,1.0,,889,191,2.8473672999999735,cuda
3000,15.000000000000945,93,92,0,92,1.0,,1113,224,4.322147800000039,cuda
3500,17.500000000000803,118,117,0,117,1.0,,1345,232,5.047833699999956,cuda
4000,20.000000000000306,126,125,0,125,1.0,,1457,112,1.3247493000000077,cuda
4500,22.499999999999808,134,133,6,133,0.9985009371875586,0.07442330693205197,1564,107,2.9186664000000064,cuda
5000,24.99999999999931,151,150,23,150,0.9942657848626825,0.044770795194541704,1940,376,4.554564200000073,cuda
5500,27.499999999998813,168,167,40,167,0.9900485959813514,0.01982865488047109,2392,452,5.2218123000000105,cuda
6000,29.999999999998316,182,181,54,181,0.9865890511697745,0.010446444785754596,2770,378,2.545894999999973,cuda
6500,32.499999999998174,195,194,67,194,0.9833874419690319,0.00842556138881124,3117,347,3.9394154999999955,cuda
7000,34.99999999999945,209,208,81,208,0.9799511733490441,0.006498728912057621,3520,403,5.531443200000012,cuda
7500,37.50000000000073,228,227,100,227,0.9753068636815545,0.005686454021518952,4070,550,6.097811699999966,cuda
8000,40.00000000000201,237,236,109,236,0.9731146163991041,0.004434227063837979,4269,199,1.7470994999999903,cuda
8500,42.50000000000329,247,246,119,246,0.9706845649191732,0.004317849176004529,4680,411,2.18042319999995,cuda
9000,45.00000000000457,256,255,128,255,0.9685027074148307,0.004114387427560157,4950,270,2.5696878999999626,cuda
9500,47.50000000000585,268,267,140,267,0.9656011910388984,0.003530709344583253,5340,390,2.4117467999999462,cuda
10000,50.00000000000713,277,276,149,276,0.9634307596948646,0.0025099218279744187,5628,288,3.878103200000055,cuda
10500,52.500000000008406,288,287,160,287,0.9607846344163371,0.0030004399807446384,6049,421,7.483169900000007,cuda
11000,55.000000000009685,302,301,174,301,0.9574273471977809,0.0026534794264339973,6492,443,7.0745617999999695,cuda
11500,57.500000000010964,319,318,191,318,0.9533664089408715,0.0024706408833427462,6986,494,9.286522500000046,cuda
12000,60.00000000001224,330,329,202,329,0.9507479260566456,0.0026620176133953714,7329,343,5.346619400000009,cuda
12500,62.50000000001352,335,334,207,334,0.949560085217993,0.0018851413391530515,7493,164,4.581096199999934,cuda
13000,65.00000000001337,341,340,213,340,0.948136635006064,0.0020542831237738333,7603,110,3.5299056000000064,cuda
13500,67.5000000000111,349,348,221,348,0.946242020145803,0.001680190696788486,7855,252,5.007689600000049,cuda
14000,70.00000000000882,362,361,234,361,0.9431713422843003,0.0016156140302952665,8355,500,8.264983099999995,cuda
14500,72.50000000000655,370,369,242,369,0.9412866493245637,0.0014471550093730912,8736,381,4.956199900000001,cuda
15000,75.00000000000428,376,375,248,375,0.9398756015127139,0.0012564877785431843,8930,194,3.309373199999982,cuda
15500,77.500000000002,381,380,253,380,0.938701344286237,0.0012332287151366472,9114,184,3.0132441000000654,cuda
16000,79.99999999999973,392,391,264,391,0.9361231399564413,0.0014245759865099733,9546,432,6.299494600000003,cuda
16500,82.49999999999746,398,397,270,397,0.9347198325694668,0.001129982527345419,9802,256,2.5798211999999694,cuda
17000,84.99999999999518,404,403,276,403,0.9333186288284107,0.001104009832488373,10041,239,4.693561699999918,cuda
17500,87.49999999999291,415,414,287,414,0.93075520847691,0.0012787126364525068,10309,268,2.411792300000002,cuda
18000,89.99999999999064,424,423,296,423,0.928663102235898,0.0009242258771943549,10518,209,3.930944400000044,cuda
18500,92.49999999998836,439,438,311,438,0.9251867033568567,0.0008543260007475813,10758,240,3.4615773000000445,cuda
19000,94.99999999998609,444,443,316,443,0.924030798074808,0.0007121573900803924,10915,157,3.7647676000000274,cuda
19500,97.49999999998381,457,456,329,456,0.9210321985045228,0.0006994613817928789,11046,131,3.3231276999999864,cuda
20000,99.99999999998154,475,474,347,474,0.9168963492494921,0.0007356964520618527,11443,397,4.679809999999975,cuda
20500,102.49999999997927,491,489,362,489,0.9134639985584254,0.0007016803487204015,11943,500,9.314025700000002,cuda
21000,104.99999999997699,505,503,376,503,0.9102720646982065,0.001443398731810573,12379,436,6.255374399999937,cuda
21500,107.49999999997472,535,532,405,532,0.9036956384962882,0.0024694979957561813,12812,433,4.774197099999924,cuda
22000,109.99999999997245,550,547,420,547,0.9003127039346598,0.002668962414221217,13135,323,6.881254199999944,cuda
22500,112.49999999997017,574,571,444,571,0.8949263296701385,0.002428930578995884,13490,355,5.6931994999999915,cuda
23000,114.9999999999679,603,600,473,600,0.888460771523871,0.00191534374808443,14630,1140,13.027298100000053,cuda
23500,117.49999999996562,629,626,499,626,0.8827037873264969,0.0021836024478454,15489,859,9.08567389999996,cuda
24000,119.99999999996335,663,660,533,660,0.8752316725626292,0.0013653070559752557,16863,1374,10.309214900000029,cuda
24500,122.49999999996108,686,683,556,683,0.870212905857161,0.0015834720410487573,17773,910,5.354737900000032,cuda
25000,124.9999999999588,726,723,596,723,0.8615530656487346,0.0017542402616527396,19645,1872,12.934041500000149,cuda
25500,127.49999999995653,750,747,620,747,0.8563985818343349,0.0016698869537018861,20843,1198,7.2937868000001345,cuda
26000,129.99999999995427,782,779,652,779,0.8495738752849367,0.0014784239028813317,22895,2052,15.45456420000005,cuda
26500,132.499999999952,806,803,676,803,0.8444910603500311,0.0013777556026373834,24488,1593,8.0915672000001,cuda
27000,134.99999999994972,845,842,715,842,0.836296262684022,0.001176967964289734,26853,2365,13.258469399999967,cuda
27500,137.49999999994745,874,871,744,871,0.830254288127432,0.001427170307704665,28405,1552,10.935819700000138,cuda
28000,139.99999999994517,903,899,772,899,0.8244620804357806,0.0019505250436070906,30401,1996,10.461218200000076,cuda
28500,142.4999999999429,940,936,809,936,0.81687002454335,0.0019536969960648313,32717,2316,11.364417000000003,cuda
29000,144.99999999994063,974,969,842,969,0.8101577340438908,0.0022394297909958177,35224,2507,10.122678499999893,cuda
29500,147.49999999993835,992,987,860,987,0.8065197610541917,0.001562913135987603,36668,1444,6.097769700000072,cuda
30000,149.99999999993608,1029,1024,897,1024,0.7990929269406848,0.0023511109670712235,39690,3022,15.448087600000008,cuda
30500,152.4999999999338,1052,1047,920,1047,0.7945107561828982,0.0025909101431075806,41846,2156,11.567473500000006,cuda
31000,154.99999999993153,1082,1077,950,1077,0.7885734759558775,0.0019904912211738215,44204,2358,10.82558610000001,cuda
31500,157.49999999992926,1107,1102,975,1102,0.7836596491833945,0.0032472109119407832,46045,1841,9.114331800000173,cuda
32000,159.99999999992698,1148,1143,1016,1143,0.7756671701174079,0.0102296990456724,49220,3175,17.513535300000058,cuda
32500,162.4999999999247,1185,1180,1053,1180,0.7685244419687195,0.006086418940056418,51926,2706,20.688435400000117,cuda
33000,164.99999999992244,1220,1215,1088,1215,0.761828354167491,0.00506995412121926,54025,2099,12.430007200000091,cuda
33500,167.49999999992016,1250,1245,1118,1245,0.7561353054725767,0.004371568079416951,56022,1997,9.730398400000013,cuda
34000,169.9999999999179,1290,1285,1158,1285,0.7486106975550549,0.00398521950119175,57751,1729,14.11342999999988,cuda
34500,172.49999999991562,1315,1309,1182,1309,0.7441319232604865,0.0046793654522237675,59124,1373,6.796448699999928,cuda
35000,174.99999999991334,1350,1344,1217,1344,0.7376483653907006,0.004348878253118268,60971,1847,11.018336899999895,cuda
35500,177.49999999991107,1378,1372,1245,1372,0.7325022160761496,0.004614407188325588,62445,1474,8.712282000000187,cuda
36000,179.9999999999088,1414,1407,1280,1407,0.7261199868514348,0.0048313025085787685,63956,1511,22.085327300000017,cuda
36500,182.49999999990652,1446,1439,1312,1439,0.7203334805037716,0.00408329028141452,65536,1580,16.35926859999995,cuda
37000,184.99999999990425,1478,1471,1344,1471,0.7145930872728358,0.004314508645620663,66967,1431,13.71280539999998,cuda
37500,187.49999999990197,1505,1498,1371,1498,0.7097852277093921,0.005996415770992085,68414,1447,13.142929500000037,cuda
38000,189.9999999998997,1542,1535,1408,1535,0.703249173173636,0.004567308297909393,70072,1658,16.042314600000054,cuda
38500,192.49999999989743,1572,1565,1438,1565,0.6979938794245459,0.0044482908948945505,71525,1453,9.71281410000006,cuda
39000,194.99999999989515,1612,1605,1478,1605,0.6910478603278485,0.004900493743480183,73311,1786,15.032054600000038,cuda
39500,197.49999999989288,1637,1630,1503,1630,0.6867417435477602,0.004279424333944916,74340,1029,7.967966199999864,cuda
40000,199.9999999998906,1672,1665,1538,1665,0.6807582214104747,0.004090029989103122,75830,1490,15.595447799999874,cuda
40500,202.49999999988833,1707,1700,1573,1700,0.6748268331903483,0.004043261503933796,77645,1815,13.586750299999949,cuda
41000,204.99999999988606,1736,1729,1602,1729,0.6699514239147472,0.0036970559098147625,79018,1373,12.18124610000018,cuda
41500,207.49999999988378,1775,1768,1641,1768,0.6634503292048038,0.004901537203038923,80596,1578,14.95798149999996,cuda
42000,209.9999999998815,1805,1797,1670,1797,0.658657111552782,0.0035739799174640714,81874,1278,13.173668299999918,cuda
42500,212.49999999987924,1838,1829,1702,1829,0.6534082220772838,0.004134326482017059,83018,1144,14.072140900000022,cuda
43000,214.99999999987696,1866,1857,1730,1857,0.6488497678978536,0.004003757087048143,83981,963,12.988399500000014,cuda
43500,217.4999999998747,1895,1885,1758,1885,0.6443231154371717,0.005265616487512099,84876,895,9.842157500000212,cuda
44000,219.99999999987241,1925,1915,1788,1915,0.6395081688007322,0.004642266632678608,85992,1116,9.101461599999993,cuda
44500,222.49999999987014,1948,1938,1811,1938,0.6358410913787569,0.004493214559498365,86834,842,11.594349599999987,cuda
45000,224.99999999986787,1961,1951,1824,1951,0.6337777047174571,0.0039129265261670714,87293,459,6.234684199999947,cuda
45500,227.4999999998656,1989,1978,1851,1978,0.6295135797867888,0.00418561616377836,88278,985,11.28061949999983,cuda
46000,229.99999999986332,2007,1995,1868,1995,0.6268434912553905,0.005218828322968501,88942,664,7.879463299999998,cuda
46500,232.49999999986105,2023,2011,1884,2011,0.6243408131361267,0.004627475325833075,89682,740,6.230912499999931,cuda
47000,234.99999999985877,2044,2032,1905,2032,0.6210712053803364,0.004218592086718196,90652,970,9.038392299999941,cuda
47500,237.4999999998565,2062,2049,1922,2049,0.618436925269605,0.004926577977397863,91641,989,7.36034380000001,cuda
48000,239.99999999985423,2082,2068,1941,2068,0.6155059500650485,0.005730118443209089,92338,697,5.75722699999983,cuda
48500,242.49999999985195,2098,2084,1957,2084,0.6130485371781105,0.0039801195307518356,93168,830,7.111037299999907,cuda
49000,244.99999999984968,2125,2111,1984,2111,0.6089238803281883,0.005396784235792303,94283,1115,11.797886600000083,cuda
49500,247.4999999998474,2151,2136,2009,2136,0.6051295015457497,0.014767636875621975,95109,826,8.05499020000002,cuda
50000,249.99999999984513,2183,2168,2041,2168,0.6003071777352789,0.00922242907108739,96069,960,10.850603200000023,cuda
50500,252.49999999984286,2199,2183,2056,2183,0.598059961070016,0.006827160296961665,96607,538,9.957273499999928,cuda
51000,254.99999999984058,2218,2202,2075,2202,0.5952255589748142,0.0076544028094136405,97336,729,10.370620200000076,cuda
51500,257.49999999983834,2240,2224,2097,2224,0.5919603976638387,0.005919805653816597,98416,1080,12.332229200000029,cuda
52000,259.99999999983606,2254,2238,2111,2238,0.5898918996823158,0.005725120410456189,98994,578,6.968113399999993,cuda
52500,262.4999999998338,2274,2258,2131,2258,0.5869494346539188,0.005413197109010071,100087,1093,10.481071800000109,cuda
53000,264.9999999998315,2292,2274,2147,2274,0.5846060339044262,0.006360801293340046,100794,707,6.152018799999951,cuda
53500,267.49999999982924,2305,2287,2160,2287,0.582708911637826,0.006109871525460711,101474,680,9.779979500000081,cuda
54000,269.99999999982697,2331,2313,2186,2313,0.5789331163483907,0.0063882074050175455,102638,1164,16.398047599999927,cuda
54500,272.4999999998247,2343,2325,2198,2325,0.5771987031094871,0.007982131656414518,103113,475,7.624803000000156,cuda
55000,274.9999999998224,2354,2336,2209,2336,0.5756133893091315,0.00637451745569706,103844,731,2.8154202000000623,cuda
55500,277.49999999982015,2374,2355,2228,2355,0.5728853688715739,0.006662060537277476,104783,939,10.5385753999999,cuda
56000,279.9999999998179,2384,2365,2238,2365,0.5714547656158049,0.006598814413882792,105356,573,8.30593440000007,cuda
56500,282.4999999998156,2400,2381,2254,2381,0.5691732274679149,0.00818569709372241,106231,875,8.918147900000122,cuda
57000,284.9999999998133,2416,2397,2270,2397,0.5669007983810278,0.005674090323736891,107044,813,14.146561600000041,cuda
57500,287.49999999981105,2435,2416,2289,2416,0.5642140697663454,0.006239881628732148,107645,601,6.889842999999928,cuda
58000,289.9999999998088,2445,2426,2299,2426,0.5628051203865622,0.005791694112122059,107933,288,5.49207239999987,cuda
58500,292.4999999998065,2463,2444,2317,2444,0.560277871999744,0.006482860306277871,108415,482,11.631527499999947,cuda
59000,294.99999999980423,2476,2457,2330,2457,0.5584596977681932,0.005092609172257094,108706,291,7.090567700000065,cuda
59500,297.49999999980196,2491,2472,2345,2472,0.5563691348260061,0.005450487478325764,109037,331,9.834565599999905,cuda
60000,299.9999999997997,2503,2484,2357,2484,0.5547023205327658,0.005521974603955944,109385,348,5.304310299999997,cuda
60500,302.4999999997974,2516,2497,2370,2497,0.5529022396875696,0.007846863528427023,109834,449,14.355035999999927,cuda
61000,304.99999999979514,2531,2512,2385,2512,0.5508324807818465,0.00679007302193592,110119,285,4.64825350000001,cuda
61500,307.49999999979286,2550,2531,2404,2531,0.548221905188657,0.006062102308006663,110534,415,6.586357399999997,cuda
62000,309.9999999997906,2567,2548,2421,2548,0.5458966161580352,0.006669473313890836,110852,318,5.554363100000046,cuda
62500,312.4999999997883,2585,2566,2439,2566,0.543445294568055,0.005433071618123601,111492,640,9.281525000000101,cuda
63000,314.99999999978604,2601,2582,2455,2582,0.5412755844782072,0.004231466999044642,112120,628,13.453719999999976,cuda
63500,317.49999999978377,2622,2603,2476,2603,0.5384409806660037,0.004640448284113691,112678,558,13.566875900000014,cuda
64000,319.9999999997815,2637,2618,2491,2618,0.5364253566823325,0.006517293102418383,113122,444,10.25522120000005,cuda
64500,322.4999999997792,2657,2638,2511,2638,0.5337495904050993,0.0052091835590545085,113788,666,13.87044549999996,cuda
65000,324.99999999977695,2673,2654,2527,2654,0.5316185904988907,0.006249922967981547,114248,460,8.122845599999891,cuda
65500,327.4999999997747,2683,2664,2537,2664,0.5302910382035806,0.005555144418030978,114618,370,6.210886900000105,cuda
66000,329.9999999997724,2696,2677,2550,2677,0.528570175129973,0.006632815544994978,115098,480,10.980962800000043,cuda
66500,332.4999999997701,2713,2694,2567,2694,0.5263282391210121,0.006915022215038976,115697,599,9.836050999999998,cuda
67000,334.99999999976785,2724,2705,2578,2705,0.5248826443604896,0.0055219361727887935,116031,334,7.196423500000037,cuda
67500,337.4999999997656,2734,2715,2588,2715,0.5235719129983013,0.006625868426635861,116378,347,8.965063600000121,cuda
68000,339.9999999997633,2753,2734,2607,2734,0.5210905341670949,0.006009386104874705,117170,792,14.418149200000016,cuda
68500,342.49999999976103,2763,2744,2617,2744,0.5197892724221872,0.005347877275198698,117443,273,4.652955699999893,cuda
69000,344.99999999975876,2768,2749,2622,2749,0.5191398606187478,0.005678348708897829,117699,256,6.3554052000001775,cuda
69500,347.4999999997565,2773,2754,2627,2754,0.5184912601742819,0.006441212166100741,117912,213,4.4429499999998825,cuda
70000,349.9999999997542,2788,2769,2642,2769,0.5165503168641377,0.00584145380028834,118492,580,16.68517799999995,cuda
70500,352.49999999975194,2802,2783,2656,2783,0.5147453256991793,0.007136593655949193,119148,656,15.570444500000121,cuda
71000,354.99999999974966,2810,2791,2664,2791,0.5137167354018396,0.005486908106831834,119506,358,8.858809600000086,cuda
71500,357.4999999997474,2816,2797,2670,2797,0.51294664174767,0.006276386479536693,119812,306,6.025609900000063,cuda
72000,359.9999999997451,2832,2813,2686,2813,0.5108986977958541,0.004707797408627812,120617,805,23.77452190000008,cuda
72500,362.49999999974284,2837,2818,2691,2818,0.5102603936554775,0.007224122621119022,120870,253,3.7840218000001187,cuda
73000,364.99999999974057,2847,2828,2701,2828,0.5089861768223763,0.007741882978007197,121308,438,8.468276799999785,cuda
73500,367.4999999997383,2857,2838,2711,2838,0.5077151419500112,0.007159368018619716,121780,472,9.23006340000029,cuda
74000,369.999999999736,2867,2848,2721,2848,0.5064472810924237,0.006840207614004612,122153,373,9.467241899999863,cuda
74500,372.49999999973375,2875,2856,2729,2856,0.5054352723699779,0.007831965980585665,122481,328,8.829861899999742,cuda
75000,374.9999999997315,2884,2865,2738,2865,0.5042991795733732,0.006369763105693791,122744,263,4.838990400000057,cuda
75500,377.4999999997292,2894,2875,2748,2875,0.5030398490207351,0.005085748340934515,123169,425,7.365236299999651,cuda
76000,379.9999999997269,2903,2884,2757,2884,0.5019091405401067,0.006446076686390572,123400,231,5.613292999999885,cuda
76500,382.49999999972465,2916,2897,2770,2897,0.5002803803989064,0.005719595812619305,123825,425,10.314478400000098,cuda
77000,384.9999999997224,2927,2908,2781,2908,0.4989063277774764,0.004996920173818415,124189,364,5.822512299999744,cuda
77500,387.4999999997201,2942,2923,2796,2923,0.4970386995768336,0.005857102014124394,124633,444,9.607835700000123,cuda
78000,389.99999999971783,2964,2945,2818,2945,0.49431215077958246,0.006662103347480297,125543,910,15.545829999999569,cuda
78500,392.49999999971556,2988,2968,2841,2968,0.49147765856202225,0.005371671382580762,126276,733,15.815073299999767,cuda
79000,394.9999999997133,3006,2986,2859,2986,0.4892707025931338,0.007257695025247004,126811,535,14.014925399999811,cuda
79500,397.499999999711,3036,3016,2889,3016,0.48561444338511106,0.0058264682108225925,127763,952,16.81623139999965,cuda
80000,399.99999999970873,3063,3043,2916,3043,0.482347176898269,0.0057862639401314985,128406,643,9.863612199999807,cuda
80500,402.49999999970646,3092,3072,2945,3072,0.4788623719310566,0.005618143280775383,129074,668,16.80266309999979,cuda
81000,404.9999999997042,3115,3094,2967,3094,0.4762355309519758,0.006525276779112491,129662,588,9.331292700000176,cuda
81500,407.4999999997019,3142,3121,2994,3121,0.47303136680216906,0.006284159263251004,130619,957,13.207446900000377,cuda
82000,409.99999999969964,3180,3159,3032,3159,0.46855829041794306,0.01501725729873502,132138,1519,15.368109699999877,cuda
82500,412.49999999969737,3213,3192,3065,3192,0.4647081070757727,0.006387223045087673,133909,1771,14.333482499999718,cuda
83000,414.9999999996951,3249,3228,3101,3228,0.4605439802565665,0.00661222205316234,135497,1588,18.171761900000092,cuda
83500,417.4999999996928,3288,3267,3140,3267,0.4560749397756211,0.007267874313327365,137618,2121,17.79267159999972,cuda
84000,419.99999999969054,3317,3296,3169,3296,0.452779943367077,0.007076686095639035,139103,1485,16.703344100000322,cuda
84500,422.49999999968827,3350,3329,3202,3329,0.4490594120452091,0.007795516436806683,140470,1367,14.465791399999944,cuda
85000,424.999999999686,3390,3368,3241,3368,0.4447018158615357,0.007089517915096038,142408,1938,24.806493900000078,cuda
85500,427.4999999996837,3425,3402,3275,3402,0.4409374012849516,0.006210206432596725,144584,2176,20.65226849999999,cuda
86000,429.99999999968145,3452,3429,3302,3429,0.43797072676849585,0.006043964229455149,146052,1468,14.179475299999922,cuda
86500,432.4999999996792,3477,3454,3327,3454,0.43524160595936634,0.00648552905768156,147628,1576,12.37924780000003,cuda
87000,434.9999999996769,3509,3486,3359,3486,0.4317731319313044,0.006772207976609934,149154,1526,21.230066500000248,cuda
87500,437.4999999996746,3545,3521,3394,3521,0.4280111295228747,0.006344566480921848,151252,2098,19.999754400000256,cuda
88000,439.99999999967235,3582,3558,3431,3558,0.42406979068506867,0.006768568871995887,153193,1941,21.86523380000017,cuda
88500,442.4999999996701,3616,3592,3465,3592,0.4204800268374642,0.007481681782177047,154952,1759,24.676607299999887,cuda
89000,444.9999999996678,3652,3627,3500,3627,0.4168164202888502,0.007370507643957224,156751,1799,21.25926219999974,cuda
89500,447.49999999966553,3682,3657,3530,3657,0.4137016029358818,0.006762993933322529,158465,1714,15.106014700000287,cuda
90000,449.99999999966326,3721,3696,3569,3696,0.4096871129201344,0.0064699389756872104,160641,2176,32.75633319999997,cuda
90500,452.499999999661,3758,3733,3606,3733,0.4059145107186432,0.0069431823590216605,162397,1756,27.71250669999972,cuda
91000,454.9999999996587,3787,3762,3635,3762,0.4029819074590738,0.007276079368552771,163843,1446,23.62929069999973,cuda
91500,457.49999999965644,3811,3786,3659,3786,0.4005709547246305,0.00961222622815209,165096,1253,16.97205350000013,cuda
92000,459.99999999965416,3834,3809,3682,3809,0.3982739946924789,0.0066537755622488,166083,987,20.03798370000004,cuda
92500,462.4999999996519,3865,3840,3713,3840,0.39519891814794417,0.006559300026105296,167516,1433,20.608292999999776,cuda
93000,464.9999999996496,3894,3868,3741,3868,0.39244184209767596,0.005848057318611869,168582,1066,18.9445882,cuda
93500,467.49999999964734,3928,3902,3775,3902,0.38911980980960914,0.006398171713740072,170341,1759,23.8810825999999,cuda
94000,469.99999999964507,3967,3941,3814,3941,0.3853438573348678,0.007782839531174455,172109,1768,27.75591749999967,cuda
94500,472.4999999996428,4003,3977,3850,3977,0.38189089263183784,0.0066045485954317786,173674,1565,22.07644879999998,cuda
95000,474.9999999996405,4037,4011,3884,4011,0.37865817445617017,0.006326284937505775,175536,1862,22.811760999999933,cuda
95500,477.49999999963825,4060,4034,3907,4034,0.37648686702033474,0.006049625585665522,176624,1088,13.68584170000031,cuda
96000,479.999999999636,4093,4067,3940,4067,0.3733932423986157,0.006137168140743266,178058,1434,21.554447900000014,cuda
96500,482.4999999996337,4122,4096,3969,4096,0.3706955949609307,0.007151050934696506,179340,1282,14.332794299999932,cuda
97000,484.9999999996314,4150,4124,3997,4124,0.3681094645342674,0.005999991977919957,180662,1322,17.834294099999624,cuda
97500,487.49999999962915,4183,4157,4030,4157,0.36508467774161263,0.01543486753309315,182049,1387,19.936411600000156,cuda
98000,489.9999999996269,4221,4195,4068,4195,0.3616323661934616,0.00824311593130819,183819,1770,23.371032999999898,cuda
98500,492.4999999996246,4247,4221,4094,4221,0.3592890868004234,0.006207231065043463,185095,1276,12.818079399999988,cuda
99000,494.99999999962233,4278,4252,4125,4252,0.3565150130264619,0.007195539344402571,186655,1560,29.078951599999982,cuda
99500,497.49999999962006,4303,4277,4150,4277,0.35429346605688095,0.006705318354070186,188025,1370,23.6172689,cuda
100000,499.9999999996178,4335,4308,4181,4308,0.3515579635087052,0.007432967454435364,189489,1464,15.624231300000247,cuda
100500,502.4999999996155,4364,4337,4210,4337,0.34901806901740484,0.006548969572859591,190800,1311,16.410765399999946,cuda
101000,504.99999999961324,4385,4358,4231,4358,0.3471902977723405,0.00628760177642107,191974,1174,15.010662500000308,cuda
101500,507.49999999961096,4414,4387,4260,4387,0.3446819582770724,0.0070675490102891265,193192,1218,17.720116099999814,cuda
102000,509.9999999996087,4434,4407,4280,4407,0.3429626354508125,0.00741798150120303,194085,893,10.233379199999945,cuda
102500,512.4999999996064,4456,4429,4302,4429,0.3410812842361352,0.0068973182510076595,195055,970,16.133208400000058,cuda
103000,514.9999999996041,4476,4449,4322,4449,0.33937992208614465,0.007455853512510657,196235,1180,22.780262199999925,cuda
103500,517.4999999996019,4495,4468,4341,4468,0.3377714894458634,0.007882297541456003,197342,1107,12.241230600000108,cuda
104000,519.9999999995996,4512,4485,4358,4485,0.33633882808769494,0.00608071795774295,197925,583,9.718338599999697,cuda
104500,522.4999999995973,4525,4498,4371,4498,0.33524736504612185,0.006880887210942232,198430,505,7.380439900000056,cuda
105000,524.999999999595,4549,4522,4395,4522,0.3332416532845959,0.007756296360942845,199845,1415,17.23487810000006,cuda
105500,527.4999999995928,4577,4550,4423,4550,0.3309168175144766,0.008377019016604339,201064,1219,26.906734099999994,cuda
106000,529.9999999995905,4598,4571,4444,4571,0.3291838406366205,0.00614724420232787,201917,853,14.184390399999756,cuda
106500,532.4999999995882,4618,4591,4464,4591,0.32754182463418313,0.007600596058182418,202679,762,14.732650399999784,cuda
107000,534.999999999586,4639,4612,4485,4612,0.32582652224222464,0.005554780308600692,203403,724,13.036708599999656,cuda
107500,537.4999999995837,4655,4627,4500,4627,0.32460680870568215,0.006994525187959274,203951,548,7.876186800000141,cuda
108000,539.9999999995814,4680,4652,4525,4652,0.32258409087940126,0.005726850889623165,204566,615,10.837794699999904,cuda
108500,542.4999999995791,4693,4665,4538,4665,0.32153726374083924,0.008360186985765513,204995,429,7.734737000000223,cuda
109000,544.9999999995769,4703,4674,4547,4674,0.3208145279344064,0.008454832507090436,205333,338,5.131122099999629,cuda
109500,547.4999999995746,4723,4694,4567,4694,0.31921425925881186,0.006831985979806632,206264,931,13.393062200000259,cuda
110000,549.9999999995723,4743,4714,4587,4714,0.31762197295187933,0.006967209395952523,207082,818,11.18629349999992,cuda
110500,552.49999999957,4765,4735,4608,4735,0.3159586197891148,0.0067389920087797305,208021,939,18.922729700000218,cuda
111000,554.9999999995678,4781,4749,4622,4749,0.31485455983872324,0.009068505040236883,208629,608,7.886863100000028,cuda
111500,557.4999999995655,4795,4763,4636,4763,0.3137543578250921,0.007542769457878811,209416,787,20.33762250000018,cuda
112000,559.9999999995632,4803,4771,4644,4771,0.3131273979051188,0.006605590635444969,209784,368,4.5035148000001755,cuda
112500,562.4999999995609,4817,4785,4658,4785,0.31203323114483833,0.007860351686498948,210547,763,8.280463399999917,cuda
113000,564.9999999995587,4828,4796,4669,4796,0.3111762115693636,0.01055830480022864,211262,715,4.071224499999971,cuda
113500,567.4999999995564,4840,4808,4681,4808,0.31024396546746164,0.008764038231068602,211852,590,7.893681300000026,cuda
114000,569.9999999995541,4850,4818,4691,4818,0.30946922753349293,0.007057605148293078,212489,637,11.88819149999972,cuda
114500,572.4999999995518,4868,4836,4709,4836,0.3080795713670446,0.006151538264627258,213304,815,9.642229299999599,cuda
115000,574.9999999995496,4881,4849,4722,4849,0.3070798132721417,0.0060512983025266575,214052,748,10.503730999999789,cuda
115500,577.4999999995473,4900,4868,4741,4868,0.3056244614298691,0.008315207485697772,214715,663,23.03395300000011,cuda
116000,579.999999999545,4910,4878,4751,4878,0.30486125927229707,0.0065832346677780155,215214,499,15.904261399999996,cuda
116500,582.4999999995428,4920,4888,4761,4888,0.3040999629750432,0.009874868346378208,215452,238,7.251663699999881,cuda
117000,584.9999999995405,4937,4905,4778,4905,0.30281011975384786,0.007397883092327153,215980,528,13.282057800000075,cuda
117500,587.4999999995382,4960,4928,4801,4928,0.30107374138142234,0.009129508276996405,216633,653,17.201230199999827,cuda
118000,589.9999999995359,4974,4942,4815,4942,0.30002169393231143,0.008369016128459148,217122,489,10.85280660000035,cuda
118500,592.4999999995337,4991,4958,4831,4958,0.29882385469622863,0.007491585914976895,217586,464,11.436167899999873,cuda
119000,594.9999999995314,5004,4971,4844,4971,0.29785413260022275,0.008478749829989213,218012,426,13.101551400000062,cuda
119500,597.4999999995291,5023,4990,4863,4990,0.29644250428122265,0.00831522852623541,218693,681,14.245046300000013,cuda
120000,599.9999999995268,5039,5006,4879,5006,0.2952589549911143,0.0072527720767538995,219473,780,14.396955899999739,cuda
120500,602.4999999995246,5052,5019,4892,5019,0.2943008014561847,0.00977645286072332,219940,467,13.630073700000139,cuda
121000,604.9999999995223,5065,5032,4905,5032,0.2933457572535242,0.00708546183215311,220579,639,14.473024599999917,cuda
121500,607.49999999952,5082,5049,4922,5049,0.2921015281100601,0.007926179000231274,221319,740,12.352697299999818,cuda
122000,609.9999999995177,5090,5057,4930,5057,0.29151783597600534,0.007350013474933803,221656,337,5.676661700000295,cuda
122500,612.4999999995155,5105,5072,4945,5072,0.29042655510593796,0.00783977610990405,222193,537,14.119653200000357,cuda
123000,614.9999999995132,5122,5089,4962,5089,0.2891947077893725,0.0076878005090881794,222899,706,14.582845899999938,cuda
123500,617.4999999995109,5135,5102,4975,5102,0.2882562335217262,0.009072725383493189,223504,605,7.112613099999635,cuda
124000,619.9999999995086,5150,5117,4990,5117,0.2871771622797667,0.007072732939074437,224340,836,23.356130699999994,cuda
124500,622.4999999995064,5159,5126,4999,5126,0.28653165943647374,0.008435828818215264,224808,468,7.651647900000171,cuda
125000,624.9999999995041,5169,5136,5009,5136,0.285816135621163,0.023926137038506566,225371,563,7.9283824999997705,cuda
125500,627.4999999995018,5178,5145,5018,5145,0.2851736920273275,0.013944991709043583,225877,506,10.612560699999904,cuda
126000,629.9999999994996,5189,5156,5029,5156,0.2843904439239728,0.010918341831050137,226410,533,10.748441700000058,cuda
126500,632.4999999994973,5196,5163,5036,5163,0.2838931337540764,0.009424326542232717,226819,409,12.45035450000023,cuda
127000,634.999999999495,5206,5173,5046,5173,0.28318419883706314,0.010275762248784303,227363,544,10.334891299999981,cuda
127500,637.4999999994927,5215,5182,5055,5182,0.2825476711825872,0.008793383422825072,227815,452,8.815703600000234,cuda
128000,639.9999999994905,5220,5187,5060,5187,0.28219466314176095,0.006236760970205068,228115,300,7.903988099999879,cuda
128500,642.4999999994882,5230,5197,5070,5197,0.28148996962751316,0.010147819621488452,228598,483,18.584005199999865,cuda
129000,644.9999999994859,5238,5204,5077,5204,0.28099773148234886,0.009577754552343063,228905,307,8.299309600000015,cuda
129500,647.4999999994836,5247,5213,5086,5213,0.28036611846273823,0.007749417149979208,229306,401,15.79883050000035,cuda
130000,649.9999999994814,5254,5220,5093,5220,0.2798758455826721,0.010317079456789153,229555,249,6.815269400000034,cuda
130500,652.4999999994791,5268,5234,5107,5234,0.27889787032630453,0.00811962186292346,229978,423,16.79146979999996,cuda
131000,654.9999999994768,5279,5245,5118,5245,0.2781318591756623,0.006945222023535858,230389,411,13.282131200000094,cuda
131500,657.4999999994745,5288,5253,5126,5253,0.2775760819447753,0.009020693833008409,230639,250,4.927193399999851,cuda
132000,659.9999999994723,5296,5261,5134,5261,0.27702141529622604,0.008282445196527988,230780,141,4.576576500000101,cuda
132500,662.49999999947,5305,5270,5143,5270,0.27639874004653964,0.008599823702954583,231136,356,12.435678100000132,cuda
133000,664.9999999994677,5312,5277,5150,5277,0.27591540487368676,0.007512842371527638,231311,175,9.064675400000397,cuda
133500,667.4999999994654,5327,5292,5165,5292,0.2748825308401393,0.007471591793000698,231563,252,14.407360400000016,cuda
134000,669.9999999994632,5345,5310,5183,5310,0.2736481845140912,0.008109284681268036,232194,631,21.403673199999957,cuda
134500,672.4999999994609,5362,5327,5200,5327,0.27248750283450524,0.009631158674464506,232564,370,15.870792000000165,cuda
135000,674.9999999994586,5380,5345,5218,5345,0.27126391126253513,0.009465623129573133,233056,492,14.858016399999997,cuda
135500,677.4999999994563,5398,5362,5235,5362,0.2701133425032564,0.008998589398448957,233712,656,16.456758400000126,cuda
136000,679.9999999994541,5426,5390,5263,5390,0.26822891672860183,0.008451440537880574,234661,949,19.250027900000077,cuda
136500,682.4999999994518,5448,5412,5285,5412,0.26675752379497925,0.008486173052171414,235289,628,19.03645880000022,cuda
137000,684.9999999994495,5481,5444,5317,5444,0.26463171245156786,0.00853016201290302,236165,876,22.822980700000244,cuda
137500,687.4999999994473,5508,5471,5344,5471,0.26285124167433666,0.008401105930614803,237209,1044,16.964879699999983,cuda
138000,689.999999999445,5540,5503,5376,5503,0.2607565597953337,0.009381576703162864,238346,1137,25.86879769999996,cuda
138500,692.4999999994427,5570,5533,5406,5533,0.25880795840197207,0.009889957572643956,239589,1243,22.259563399999934,cuda
139000,694.9999999994404,5604,5566,5439,5566,0.25668131138571376,0.009415871999932058,240911,1322,18.231232999999975,cuda
139500,697.4999999994382,5652,5613,5486,5613,0.2536825831538717,0.009158838262900393,243263,2352,22.556321000000025,cuda
140000,699.9999999994359,5679,5639,5512,5639,0.2520387889997857,0.009177118109968992,244606,1343,14.771203499999956,cuda
140500,702.4999999994336,5712,5670,5543,5670,0.25009279559149244,0.00974922634721283,246078,1472,23.69234430000006,cuda
141000,704.9999999994313,5748,5706,5579,5706,0.24785177999147198,0.008198391988925222,247966,1888,25.01370760000009,cuda
141500,707.4999999994291,5783,5741,5614,5741,0.24569226860851298,0.008147184470934528,250328,2362,40.04275849999976,cuda
142000,709.9999999994268,5811,5769,5642,5769,0.24397821465135347,0.008192053929503475,252403,2075,24.81012279999959,cuda
142500,712.4999999994245,5839,5797,5670,5797,0.24227611866497056,0.008930691675881721,253979,1576,19.62636720000046,cuda
143000,714.9999999994222,5870,5828,5701,5828,0.2404055029086422,0.00954049049816545,255930,1951,20.181654799999706,cuda
143500,717.49999999942,5907,5865,5738,5865,0.23819172976098507,0.00948982112537566,258380,2450,31.81703329999982,cuda
144000,719.9999999994177,5925,5883,5756,5883,0.23712214165137713,0.008213593133000864,259808,1428,15.745709000000716,cuda
144500,722.4999999994154,5954,5912,5785,5912,0.23540900958252908,0.00791253085280287,262215,2407,20.097114799999872,cuda
145000,724.9999999994131,5975,5933,5806,5933,0.23417619713887716,0.008202008248883345,263720,1505,11.99649970000064,cuda
145500,727.4999999994109,6004,5961,5834,5961,0.23254248420337562,0.009099819273355283,265506,1786,27.62248030000046,cuda
146000,729.9999999994086,6040,5997,5870,5997,0.230458732316262,0.009630941177925302,267741,2235,26.882818999999472,cuda
146500,732.4999999994063,6062,6019,5892,6019,0.22919453099763654,0.009108571430922231,268862,1121,13.783462600000348,cuda
147000,734.999999999404,6089,6046,5919,6046,0.22765248540921448,0.008401586036025374,270456,1594,22.59731120000015,cuda
147500,737.4999999994018,6117,6073,5946,6073,0.22612081487025978,0.008858160736660162,271651,1195,15.53294090000054,cuda
148000,739.9999999993995,6147,6103,5976,6103,0.22443104209802311,0.008227301699419817,273230,1579,18.73098570000002,cuda
148500,742.4999999993972,6172,6128,6001,6128,0.22303254811253778,0.010399815374985338,274700,1470,22.99922500000048,cuda
149000,744.999999999395,6196,6152,6025,6152,0.22169819309116168,0.01722704105001564,276159,1459,21.075266900000315,cuda
149500,747.4999999993927,6221,6177,6050,6177,0.22031672826912727,0.010459229312837125,277248,1089,11.745424099999582,cuda
150000,749.9999999993904,6248,6204,6077,6204,0.2188344134974607,0.010311842292409253,278549,1301,20.070000400000026,cuda
150500,752.4999999993881,6286,6242,6115,6242,0.21676507282415852,0.01000064078375305,280660,2111,28.35123250000015,cuda
151000,754.9999999993859,6321,6276,6149,6276,0.21493014980219455,0.009224948062397102,282408,1748,23.586089399999764,cuda
151500,757.4999999993836,6357,6312,6185,6312,0.2130042173998545,0.009302274272259738,284430,2022,34.73394619999999,cuda
152000,759.9999999993813,6385,6340,6213,6340,0.2115182092165542,0.010348422635745789,286141,1711,21.328184099999817,cuda
152500,762.499999999379,6414,6369,6242,6369,0.20999005741752502,0.009051218396052718,288065,1924,23.972210699999778,cuda
153000,764.9999999993768,6441,6396,6269,6396,0.2085772216040189,0.008888932169173603,289607,1542,26.847051499999907,cuda
153500,767.4999999993745,6462,6417,6290,6417,0.20748492443700828,0.008430124460054296,290742,1135,17.024749899999733,cuda
154000,769.9999999993722,6505,6460,6333,6460,0.2052661315206321,0.008813042540189832,293379,2637,39.65317910000067,cuda
154500,772.49999999937,6540,6495,6368,6495,0.2034776652543418,0.009576231720192091,295409,2030,32.137979400000404,cuda
155000,774.9999999993677,6567,6522,6395,6522,0.20210864551952482,0.009756747141687406,296718,1309,25.86686490000011,cuda
155500,777.4999999993654,6598,6553,6426,6553,0.2005481631290924,0.009153841769382838,298207,1489,28.075333699999646,cuda
156000,779.9999999993631,6621,6576,6449,6576,0.19939817681631633,0.009045489962496187,299372,1165,21.102031700000225,cuda
156500,782.4999999993609,6648,6603,6476,6603,0.19805660432084438,0.009355976573984933,300910,1538,13.387288499999158,cuda
157000,784.9999999993586,6676,6630,6503,6630,0.19672405807019247,0.011516953068267968,302414,1504,23.815310700000737,cuda
157500,787.4999999993563,6714,6668,6541,6668,0.19486379720776445,0.00867334521056986,304856,2442,29.602625999999873,cuda
158000,789.999999999354,6745,6699,6572,6699,0.19335925234629223,0.010099711287165842,306502,1646,23.723703199999363,cuda
158500,792.4999999993518,6769,6723,6596,6723,0.19220242617234912,0.009187760995700955,307657,1155,26.838289199999963,cuda
159000,794.9999999993495,6792,6745,6618,6745,0.1911480831315454,0.009505219545892694,308766,1109,26.546989999999823,cuda
159500,797.4999999993472,6807,6760,6633,6760,0.190432530871173,0.007876064286877711,309492,726,20.96988979999969,cuda
160000,799.9999999993449,6825,6778,6651,6778,0.1895774030675892,0.008570855638633171,310089,597,14.564551099999335,cuda
160500,802.4999999993427,6844,6797,6670,6797,0.1886789336440613,0.009381741603934452,311072,983,19.225208500000008,cuda
161000,804.9999999993404,6862,6815,6688,6815,0.18783168028156344,0.011735648408325182,311811,739,16.894816099999844,cuda
161500,807.4999999993381,6888,6839,6712,6839,0.1867079243639708,0.008488970440036306,312846,1035,14.433589399999619,cuda
162000,809.9999999993358,6903,6853,6726,6853,0.1860555074688452,0.008072895097679325,313369,523,8.296288800000184,cuda
162500,812.4999999993336,6922,6872,6745,6872,0.18517372946242255,0.010532238741258257,314241,872,13.006822399999692,cuda
163000,814.9999999993313,6941,6891,6764,6891,0.18429613049086532,0.008928175868564531,315198,957,18.313882299999932,cuda
163500,817.499999999329,6964,6914,6787,6914,0.18323933682965562,0.009748001977720338,316081,883,19.38241190000008,cuda
164000,819.9999999993267,6983,6932,6805,6932,0.18241650970596796,0.008730034201612903,316887,806,15.217417200000455,cuda
164500,822.4999999993245,7009,6957,6830,6957,0.18127982028327397,0.009606281388550996,317791,904,12.523536400000012,cuda
165000,824.9999999993222,7024,6970,6843,6970,0.18069154379688915,0.010156759490760474,318117,326,7.538285100000394,cuda
165500,827.4999999993199,7049,6995,6868,6995,0.17956560312992184,0.009765927754342556,318994,877,23.059731999999713,cuda
166000,829.9999999993177,7063,7009,6882,7009,0.17893814377775738,0.007644960690023643,319577,583,14.95661089999976,cuda
166500,832.4999999993154,7077,7022,6895,7022,0.17835746633480035,0.009554688388911577,320107,530,6.450793599999997,cuda
167000,834.9999999993131,7094,7039,6912,7039,0.17760096124795038,0.009237960035748342,321076,969,15.415266199999678,cuda
167500,837.4999999993108,7118,7063,6936,7063,0.17653841348777838,0.011102390436766049,322105,1029,21.477828500000214,cuda
168000,839.9999999993086,7139,7083,6956,7083,0.17565781467274774,0.010428190371021629,323122,1017,11.435905599999387,cuda
168500,842.4999999993063,7149,7093,6966,7093,0.17521916384445532,0.010517531540244818,323560,438,10.637447500000235,cuda
169000,844.999999999304,7158,7102,6975,7102,0.17482531473903504,0.010487821315311723,324117,557,7.128976300000431,cuda
169500,847.4999999993017,7175,7119,6992,7119,0.17408379131067478,0.00926329817294198,324926,809,14.862726099999236,cuda
170000,849.9999999992995,7192,7136,7009,7136,0.17334541306180773,0.01829937012756572,325753,827,17.56644529999994,cuda
170500,852.4999999992972,7203,7147,7020,7147,0.17286930860406244,0.014527073003013025,326197,444,13.940126799999234,cuda
171000,854.9999999992949,7225,7169,7042,7169,0.17192101905265061,0.01373821003785865,327589,1392,19.569129599999542,cuda
171500,857.4999999992926,7244,7188,7061,7188,0.17110622901765116,0.01125478702842405,328631,1042,18.78039770000032,cuda
172000,859.9999999992904,7261,7205,7078,7205,0.1703804801308589,0.01109964556663352,329517,886,12.782485599999745,cuda
172500,862.4999999992881,7275,7219,7092,7219,0.16978511652100864,0.00931205494063241,330050,533,11.174253700000008,cuda
173000,864.9999999992858,7285,7229,7102,7229,0.16936113093213848,0.01052010371349752,330440,390,9.825880200000029,cuda
173500,867.4999999992835,7300,7244,7117,7244,0.16872713692041552,0.009438520887245734,331075,635,18.6893041000003,cuda
174000,869.9999999992813,7315,7259,7132,7259,0.16809551623015476,0.010802062166233858,331709,634,14.127834799999619,cuda
174500,872.499999999279,7327,7271,7144,7271,0.16759192249796542,0.010647555696778,332160,451,8.87647889999971,cuda
175000,874.9999999992767,7344,7288,7161,7288,0.16688107957958329,0.011780297411057879,332899,739,22.26541520000046,cuda
175500,877.4999999992745,7360,7304,7177,7304,0.16621480541033815,0.012972986849490553,333733,834,27.005238899999313,cuda
176000,879.9999999992722,7376,7320,7193,7320,0.16555119134653884,0.01373996608890593,334337,604,19.01299889999973,cuda
176500,882.4999999992699,7402,7346,7219,7346,0.16447846464550084,0.0105864957261544,335433,1096,26.276189799999884,cuda
177000,884.9999999992676,7423,7367,7240,7367,0.1636171080717344,0.010336584123294978,336285,852,16.582402699999875,cuda
177500,887.4999999992654,7441,7385,7258,7385,0.16288239358984385,0.011735643829322524,336966,681,26.374470900000233,cuda
178000,889.9999999992631,7458,7402,7275,7402,0.16219152618832047,0.012773666065186262,337571,605,17.922538199999508,cuda
178500,892.4999999992608,7476,7419,7292,7419,0.16150358910821475,0.009650986942955676,338197,626,18.88276760000008,cuda
179000,894.9999999992585,7491,7434,7307,7434,0.16089900936903367,0.009948429372161626,338746,549,20.931112199999916,cuda
179500,897.4999999992563,7503,7446,7319,7446,0.16041697549656092,0.008823605991589526,339235,489,16.62707969999974,cuda
180000,899.999999999254,7516,7459,7332,7459,0.15989640164253718,0.01024531820215858,339907,672,17.328624599999785,cuda
180500,902.4999999992517,7527,7470,7343,7470,0.15945723576987403,0.009612233928320084,340362,455,12.993894500000351,cuda
181000,904.9999999992494,7542,7485,7358,7485,0.1588603164410553,0.01183639606460929,341071,709,25.10967569999957,cuda
181500,907.4999999992472,7554,7497,7370,7497,0.1583843902447622,0.00925752283850064,341577,506,12.123594499999854,cuda
182000,909.9999999992449,7572,7515,7388,7515,0.15767317302188338,0.01146137553991543,342454,877,25.1103006000003,cuda
182500,912.4999999992426,7586,7529,7402,7529,0.15712221278632846,0.009783085535413452,343437,983,29.926102899999933,cuda
183000,914.9999999992403,7598,7541,7414,7541,0.15665149373729337,0.010804389331800243,344018,581,14.548561900000095,cuda
183500,917.4999999992381,7609,7552,7425,7552,0.15622124021536032,0.012308625250377438,344496,478,11.315619300000435,cuda
184000,919.9999999992358,7618,7560,7433,7560,0.15590907098544915,0.01409791799960658,344860,364,6.090175700000145,cuda
184500,922.4999999992335,7627,7569,7442,7569,0.15555862616658772,0.012019541269789139,345368,508,22.467976299999464,cuda
185000,924.9999999992312,7634,7576,7449,7576,0.1552866026564432,0.01192350612421121,345709,341,12.468913100000464,cuda
185500,927.499999999229,7637,7579,7452,7579,0.15517016681826254,0.009052863034109274,345776,67,1.818958500000008,cuda
186000,929.9999999992267,7654,7596,7469,7596,0.15451201090846162,0.011664505691870171,346677,901,22.082530499999848,cuda
186500,932.4999999992244,7661,7603,7476,7603,0.1542418176019085,0.009006227034011058,347016,339,6.384953299999324,cuda
187000,934.9999999992222,7665,7607,7480,7607,0.15408763361534866,0.013993233675137162,347167,151,7.112870699999803,cuda
187500,937.4999999992199,7677,7619,7492,7619,0.15362600579661292,0.012802643235772848,347706,539,16.08852680000018,cuda
188000,939.9999999992176,7694,7636,7509,7636,0.15297439946217764,0.011391983257935327,348324,618,28.979287099999965,cuda
188500,942.4999999992153,7699,7641,7514,7641,0.1527832770479503,0.008641160372644664,348594,270,12.106575300000259,cuda
189000,944.9999999992131,7710,7652,7525,7652,0.15236364783488587,0.010610018602826378,348967,373,15.74215169999934,cuda
189500,947.4999999992108,7720,7662,7535,7662,0.15198316695250136,0.010583503264933824,349583,616,20.06511489999957,cuda
190000,949.9999999992085,7736,7678,7551,7678,0.15137637282967073,0.013867516856407747,350365,782,21.151809399999365,cuda
190500,952.4999999992062,7744,7686,7559,7686,0.1510738848602509,0.012509427731856704,350730,365,15.586438499999531,cuda
191000,954.999999999204,7752,7694,7567,7694,0.1507720013376806,0.010438788565807045,350939,209,13.221511900000223,cuda
191500,957.4999999992017,7770,7712,7585,7712,0.15009496716838183,0.009245644633968672,351715,776,33.34592070000053,cuda
192000,959.9999999991994,7786,7727,7600,7727,0.14953309497344097,0.010585531406104565,351974,259,7.526637599999958,cuda
192500,962.4999999991971,7807,7748,7621,7748,0.14875000574271036,0.010917257207135359,352877,903,28.81409689999964,cuda
193000,964.9999999991949,7827,7767,7640,7767,0.14804503073120137,0.010538743490255192,353621,744,15.768517999999858,cuda
193500,967.4999999991926,7844,7784,7657,7784,0.14741709616175208,0.010296079357538153,354399,778,20.70362699999987,cuda
194000,969.9999999991903,7866,7806,7679,7806,0.146608426924173,0.012081171216612513,355233,834,19.677815200000623,cuda
194500,972.499999999188,7889,7829,7702,7829,0.1457677426632461,0.009463630211742027,356277,1044,19.90876709999975,cuda
195000,974.9999999991858,7912,7851,7724,7851,0.14496812109700813,0.01251248253340071,357229,952,18.570026899999903,cuda
195500,977.4999999991835,7950,7888,7761,7888,0.14363318271220404,0.01116760289044799,359224,1995,44.62239700000009,cuda
196000,979.9999999991812,7986,7923,7796,7923,0.1423817190630493,0.011957742393549,360891,1667,25.479462399999647,cuda
196500,982.499999999179,8025,7962,7835,7962,0.1410000710695506,0.011703469957678746,362075,1184,41.50459460000002,cuda
197000,984.9999999991767,8065,8001,7874,8001,0.13963183035326773,0.010958294133440806,363817,1742,35.753174899999976,cuda
197500,987.4999999991744,8108,8043,7916,8043,0.13817318508690477,0.01126761992816769,366343,2526,41.23649579999983,cuda
198000,989.9999999991721,8141,8075,7948,8075,0.13707207228590734,0.011431260994868353,368437,2094,24.080027700000755,cuda
198500,992.4999999991699,8174,8107,7980,8107,0.1359797343380029,0.011439364985562861,370432,1995,23.80569529999957,cuda
199000,994.9999999991676,8207,8140,8013,8140,0.13486237729037928,0.015379270693908135,372822,2390,24.063133699999526,cuda
199500,997.4999999991653,8232,8165,8038,8165,0.13402201126192909,0.011958610955625773,374946,2124,30.098762700000407,cuda
200000,999.999999999163,8266,8199,8072,8199,0.13288751080615716,0.013013591113335946,377568,2622,42.126724199999444,cuda
200500,1002.4999999991608,8303,8235,8108,8235,0.13169674085990524,0.012769913339676956,380147,2579,42.05571820000023,cuda
201000,1004.9999999991585,8342,8274,8147,8274,0.13041877807818866,0.012215434860151548,383302,3155,39.82359059999999,cuda
201500,1007.4999999991562,8365,8297,8170,8297,0.12967092874674224,0.01209980447817108,385119,1817,29.17644560000008,cuda
202000,1009.9999999991539,8397,8329,8202,8329,0.12863757108425183,0.013731709244893864,387919,2800,30.238227499999994,cuda
202500,1012.4999999991517,8440,8371,8244,8371,0.12729377587893395,0.010276487474108026,391430,3511,50.34241010000005,cuda
203000,1014.9999999991494,8469,8400,8273,8400,0.1263741188274909,0.012245651848357299,393893,2463,27.763096399999995,cuda
203500,1017.4999999991471,8500,8431,8304,8431,0.12539838329411096,0.012103364457406344,396456,2563,22.359873000000334,cuda
204000,1019.9999999991448,8530,8461,8334,8461,0.12446129674639768,0.01191447403592368,398397,1941,17.39477689999967,cuda
204500,1022.4999999991426,8562,8493,8366,8493,0.12346945504433371,0.01093942325678654,400464,2067,40.5273545,cuda
205000,1024.999999999163,8589,8520,8393,8520,0.12263873919946934,0.012549149838310701,402163,1699,22.261287000000266,cuda
205500,1027.4999999992176,8618,8549,8422,8549,0.12175271330773885,0.010798951225547955,403957,1794,28.318775300000198,cuda
206000,1029.9999999992722,8654,8585,8458,8585,0.12066171934598895,0.011565264547243714,405942,1985,28.745976500000324,cuda
206500,1032.4999999993267,8694,8625,8498,8625,0.11946096582719223,0.011337139538954943,408405,2463,35.562484699999914,cuda
207000,1034.9999999993813,8722,8653,8526,8653,0.11862755522635456,0.012144215970433183,409910,1505,38.29228129999956,cuda
207500,1037.4999999994359,8749,8680,8553,8680,0.11782941620704265,0.011475990026223439,411364,1454,33.11699090000002,cuda
208000,1039.9999999994905,8774,8705,8578,8705,0.1170951874286243,0.010711375325918197,413028,1664,18.862557800000104,cuda
208500,1042.499999999545,8804,8735,8608,8735,0.1162201496326108,0.012353393373390038,414744,1716,29.485269200000403,cuda
209000,1044.9999999995996,8830,8761,8634,8761,0.11546707466712437,0.011554227210581303,416018,1274,14.229962800000067,cuda
209500,1047.4999999996542,8860,8791,8664,8791,0.11460420355561574,0.012538756740589936,417662,1644,21.346352800000204,cuda
210000,1049.9999999997087,8890,8821,8694,8821,0.11374778057278127,0.012535533572857579,419845,2183,20.036989000000176,cuda
210500,1052.4999999997633,8924,8855,8728,8855,0.11278490210462686,0.011450578184688793,422141,2296,44.2724429000009,cuda
211000,1054.9999999998179,8957,8887,8760,8887,0.11188611049474587,0.011418818656238727,424094,1953,30.914907700000185,cuda
211500,1057.4999999998724,8993,8923,8796,8923,0.1108835285593034,0.012142975568874843,426437,2343,42.02181550000023,cuda
212000,1059.999999999927,9024,8954,8827,8954,0.11002739599129265,0.010825197587931348,428152,1715,42.39448279999942,cuda
212500,1062.4999999999816,9055,8985,8858,8985,0.10917787362935612,0.011250949134269068,429893,1741,28.84472530000039,cuda
213000,1065.0000000000362,9090,9020,8893,9020,0.10822661614442719,0.011458927619137934,431992,2099,43.032634099999996,cuda
213500,1067.5000000000907,9121,9051,8924,9051,0.10739099761739515,0.011793880377926173,434199,2207,34.81355100000019,cuda
214000,1070.0000000001453,9149,9078,8951,9078,0.10666845937273751,0.01306195774426063,435992,1793,25.085763099999895,cuda
214500,1072.5000000001999,9188,9117,8990,9117,0.10563336677916742,0.012269759001449132,437991,1999,31.724197800000184,cuda
215000,1075.0000000002544,9220,9149,9022,9149,0.10479156630753585,0.015572493924992159,439531,1540,43.08905909999976,cuda
215500,1077.500000000309,9246,9175,9048,9175,0.10411254545418311,0.012658531580550166,441165,1634,21.28884470000048,cuda
216000,1080.0000000003636,9268,9196,9069,9196,0.10356731890655091,0.011938430923258974,442457,1292,13.1039209999999,cuda
216500,1082.5000000004181,9290,9218,9091,9218,0.10299919141659972,0.011469096601517364,443589,1132,19.186275600000045,cuda
217000,1085.0000000004727,9324,9250,9123,9250,0.10217838289221153,0.0121032458555419,445815,2226,46.19667219999974,cuda
217500,1087.5000000005273,9342,9268,9141,9268,0.10171955594842913,0.010670577745056815,446763,948,27.320036000000073,cuda
218000,1090.0000000005818,9358,9284,9157,9284,0.10131343973198172,0.014485382387647405,447720,957,13.3693317999996,cuda
218500,1092.5000000006364,9377,9303,9176,9303,0.100833282148226,0.010915976017713547,448787,1067,17.13986870000008,cuda
219000,1095.000000000691,9400,9326,9199,9326,0.10025508241538628,0.012179217665739681,450039,1252,17.661028599999554,cuda
219500,1097.5000000007456,9428,9353,9226,9353,0.09958055537984749,0.014033372375976157,452067,2028,41.10095999999976,cuda
220000,1100.0000000008001,9448,9373,9246,9373,0.09908383335014792,0.012620769860222935,453063,996,14.22802430000047,cuda
220500,1102.5000000008547,9472,9396,9269,9396,0.09851566533308809,0.01091374181534933,453946,883,28.811086599999726,cuda
221000,1105.0000000009093,9490,9414,9287,9414,0.09807328564024101,0.013220070680189464,454695,749,13.418366899999455,cuda
221500,1107.5000000009638,9514,9438,9311,9438,0.097486534593076,0.011129788181278855,455834,1139,26.383937399999922,cuda
222000,1110.0000000010184,9535,9459,9332,9459,0.09697600777361413,0.013603036624512501,457003,1169,21.729728799999975,cuda
222500,1112.500000001073,9560,9484,9357,9484,0.09637172254488655,0.013421323038637639,458147,1144,25.79939749999994,cuda
223000,1115.0000000011275,9580,9504,9377,9504,0.0958910066315685,0.012826117244549096,459204,1057,28.890661499999624,cuda
223500,1117.5000000011821,9601,9525,9398,9525,0.09538883542571981,0.011607719585299492,460350,1146,13.913781299999755,cuda
224000,1120.0000000012367,9617,9541,9414,9541,0.09500799466630812,0.01268157153390348,460941,591,17.93298919999961,cuda
224500,1122.5000000012913,9633,9557,9430,9557,0.09462867441695805,0.011435670923674479,461795,854,22.623134899999968,cuda
225000,1125.0000000013458,9650,9573,9446,9573,0.09425086860701981,0.013620064477436244,462681,886,8.203005700000176,cuda
225500,1127.5000000014004,9679,9602,9475,9602,0.09356993605300779,0.013523774430284212,464408,1727,30.32914019999953,cuda
226000,1130.000000001455,9695,9618,9491,9618,0.09319635726524407,0.01310256973374635,465471,1063,37.22642780000024,cuda
226500,1132.5000000015095,9716,9639,9512,9639,0.09270829765723088,0.011286068352914992,466657,1186,20.40731500000038,cuda
227000,1135.000000001564,9731,9654,9527,9654,0.09236124928061566,0.012888129365940889,467446,789,22.09097550000024,cuda
227500,1137.5000000016187,9739,9662,9535,9662,0.09217668833344987,0.013710661209188402,468006,560,11.490884800000458,cuda
228000,1140.0000000016732,9752,9675,9548,9675,0.09187756304606456,0.014432660626390805,468708,702,10.261919300000045,cuda
228500,1142.5000000017278,9768,9691,9564,9691,0.0915107410723273,0.013127406768035144,469583,875,12.850903800000196,cuda
229000,1145.0000000017824,9779,9702,9575,9702,0.09125940086674265,0.011761909012090076,470186,603,13.80353980000018,cuda
229500,1147.500000001837,9789,9712,9585,9712,0.09103150886060421,0.011385517567396164,470835,649,19.34808399999929,cuda
230000,1150.0000000018915,9796,9719,9592,9719,0.09087232314918313,0.014993540144392423,471076,241,4.275181699999848,cuda
230500,1152.500000001946,9808,9731,9604,9731,0.09060008071587064,0.012952428427524865,471742,666,15.218250500000067,cuda
231000,1155.0000000020007,9819,9742,9615,9742,0.0903512416982179,0.013418003493411974,472257,515,14.163461899999675,cuda
231500,1157.5000000020552,9836,9759,9632,9759,0.08996801594741244,0.01182690281968783,472929,672,23.637362100000246,cuda
232000,1160.0000000021098,9848,9771,9644,9771,0.08969848270854484,0.011401100860287746,473417,488,15.524262300000373,cuda
232500,1162.5000000021644,9860,9783,9656,9783,0.08942975695849525,0.014293486485257745,473984,567,16.736314099999618,cuda
233000,1165.000000002219,9877,9800,9673,9800,0.08905043969499553,0.013342124273014419,474609,625,12.780607700000473,cuda
233500,1167.5000000022735,9893,9816,9689,9816,0.08869490503595466,0.012446746870409697,475279,670,26.578914800000348,cuda
234000,1170.000000002328,9904,9827,9700,9827,0.08845129870728961,0.011643372730097988,475780,501,8.389027899999746,cuda
234500,1172.5000000023826,9920,9843,9716,9843,0.08809815612388036,0.012043205759255216,476484,704,25.687674799999513,cuda
235000,1175.0000000024372,9937,9860,9733,9860,0.08772448685945658,0.01157469570855884,477269,785,11.716123799998968,cuda
235500,1177.5000000024918,9952,9875,9748,9875,0.08739609510247989,0.010748634114861488,478101,832,22.525586400000975,cuda
236000,1180.0000000025464,9972,9894,9767,9894,0.08698189637460031,0.014618959817055025,479124,1023,19.205169200000455,cuda
236500,1182.500000002601,9986,9908,9781,9908,0.0866779539524553,0.012578003906777926,479790,666,15.177074600000196,cuda
237000,1185.0000000026555,9995,9917,9790,9917,0.08648312346773653,0.014712543588959508,480234,444,10.542976700000509,cuda
237500,1187.50000000271,10007,9929,9802,9929,0.08622403054309907,0.010483765314954022,480889,655,13.968805900000007,cuda
238000,1190.0000000027646,10032,9954,9827,9954,0.08568674395835757,0.010635519474744797,482109,1220,35.41383459999997,cuda
238500,1192.5000000028192,10048,9969,9842,9969,0.08536598037904841,0.013480840126673381,483214,1105,23.371789000000717,cuda
239000,1195.0000000028738,10063,9984,9857,9984,0.08504641756042942,0.012516558604935805,484215,1001,34.741031999999905,cuda
239500,1197.5000000029283,10071,9992,9865,9992,0.08487647348214697,0.012787669838871807,484774,559,13.07946759999868,cuda
240000,1200.000000002983,10082,10003,9876,10003,0.08464335472423593,0.011060364883054386,485496,722,15.241678100001081,cuda
240500,1202.5000000030375,10092,10013,9886,10013,0.08443198423822364,0.01584575865417719,486066,570,18.235480400000597,cuda
241000,1205.000000003092,10104,10025,9898,10025,0.08417903627737222,0.012289661293228468,486719,653,21.538843799999086,cuda
241500,1207.5000000031466,10115,10036,9909,10036,0.08394783307613107,0.013295663520693779,487381,662,19.913453499999378,cuda
242000,1210.0000000032012,10124,10045,9918,10045,0.08375913922419399,0.013006714534842305,487936,555,19.068310500000734,cuda
242500,1212.5000000032558,10133,10054,9927,10054,0.08357086950911016,0.013000681065022945,488349,413,7.528478399999585,cuda
243000,1215.0000000033103,10145,10066,9939,10066,0.08332050134330626,0.014314137554417053,489086,737,13.17778250000083,cuda
243500,1217.500000003365,10154,10075,9948,10075,0.08313321757709471,0.011091931930018796,489586,500,21.75168929999927,cuda
244000,1220.0000000034195,10156,10077,9950,10077,0.08309165616413228,0.010938463732600212,489689,103,6.485407199999827,cuda
244500,1222.500000003474,10165,10086,9959,10086,0.08290488678497246,0.013683308174626695,490239,550,11.393422699999064,cuda
245000,1225.0000000035286,10171,10092,9965,10092,0.08278060715222345,0.013393629807978868,490547,308,12.703968800000439,cuda
245500,1227.5000000035832,10184,10105,9978,10105,0.08251197336474389,0.01203705477886475,491343,796,19.537279000000126,cuda
246000,1230.0000000036378,10198,10119,9992,10119,0.08222365027585145,0.013092309369572572,492128,785,25.8713757000005,cuda
246500,1232.5000000036923,10206,10127,10000,10127,0.08205934679476454,0.011099542840383947,492521,393,11.955413100000442,cuda
247000,1235.000000003747,10217,10138,10011,10138,0.08183396545863006,0.024291634220968594,492992,471,16.99190970000018,cuda
247500,1237.5000000038015,10226,10147,10020,10147,0.08165002305540366,0.020154534218211968,493414,422,9.992769899999985,cuda
248000,1240.000000003856,10238,10159,10032,10159,0.08140540951206846,0.014584801159799099,494011,597,19.680658900000708,cuda
248500,1242.5000000039106,10247,10168,10041,10168,0.08122243039603319,0.015940277319815423,494411,400,17.367576499998904,cuda
249000,1245.0000000039652,10261,10182,10055,10182,0.08093861338058486,0.012044000838484083,495137,726,24.216542000000118,cuda
249500,1247.5000000040197,10273,10194,10067,10194,0.0806961311341533,0.01195610974294444,495712,575,20.34885839999879,cuda
250000,1250.0000000040743,10290,10211,10084,10211,0.08035385763730117,0.014530952472020598,496780,1068,43.6593883000005,cuda
250500,1252.5000000041289,10312,10233,10106,10233,0.07991306959789501,0.013825694543563506,497699,919,34.863561399999526,cuda
251000,1255.0000000041834,10332,10253,10126,10253,0.07951445179566674,0.013744548452086747,498672,973,32.1790134999992,cuda
251500,1257.500000004238,10357,10277,10150,10277,0.07903873419783888,0.012808283034246415,499537,865,32.39043599999968,cuda
252000,1260.0000000042926,10379,10299,10172,10299,0.07860516038186269,0.01514765518632802,500489,952,20.316762300000846,cuda
252500,1262.5000000043472,10405,10324,10197,10324,0.07811534915524045,0.01331284647807479,501686,1197,32.376533099999506,cuda
253000,1265.0000000044017,10435,10353,10226,10353,0.07755099059818989,0.014070310469331413,502884,1198,26.429172500000277,cuda
253500,1267.5000000044563,10466,10384,10257,10384,0.07695221880949184,0.013737533301595719,504032,1148,24.530054599999858,cuda
254000,1270.0000000045109,10508,10426,10299,10426,0.07614834773354444,0.014328812382050924,505806,1774,38.0316985999998,cuda
254500,1272.5000000045654,10548,10466,10339,10466,0.07539056475989542,0.012838309921789914,508248,2442,59.92633969999952,cuda
255000,1275.00000000462,10579,10497,10370,10497,0.07480847363553923,0.013514793748336454,510101,1853,32.69698670000071,cuda
255500,1277.5000000046746,10625,10543,10416,10543,0.07395299766582016,0.012869587856466356,513533,3432,45.952554299999974,cuda
256000,1280.0000000047291,10658,10575,10448,10575,0.07336366050643754,0.013569744740379974,516132,2599,32.85458649999964,cuda
256500,1282.5000000047837,10686,10603,10476,10603,0.07285184434993025,0.013354429126983243,518057,1925,38.61263770000005,cuda
257000,1285.0000000048383,10712,10629,10502,10629,0.0723797842093877,0.01341678316776569,520242,2185,34.46798269999999,cuda
257500,1287.5000000048929,10742,10659,10532,10659,0.07183889906934623,0.012622667709365487,523165,2923,25.413160900001458,cuda
258000,1290.0000000049474,10775,10692,10565,10692,0.0712485927228937,0.013258163732561197,526134,2969,24.679767300000094,cuda
258500,1292.500000005002,10803,10720,10593,10720,0.07075153218049092,0.013817302417010069,528666,2532,28.98009479999928,cuda
259000,1295.0000000050566,10831,10748,10621,10748,0.07025793934423318,0.014685255774695958,531146,2480,19.691149500000392,cuda
259500,1297.5000000051111,10867,10784,10657,10784,0.06962837647448583,0.014541311926829318,534321,3175,29.161395099999936,cuda
260000,1300.0000000051657,10902,10819,10692,10819,0.06902171037921395,0.013627060609204428,537622,3301,39.736502399999154,cuda
260500,1302.5000000052203,10935,10852,10725,10852,0.06845455311194394,0.013173056089065292,540698,3076,32.05781440000101,cuda
261000,1305.0000000052748,10962,10878,10751,10878,0.06801098622285347,0.012920579962575665,543361,2663,23.549536100001205,cuda
261500,1307.5000000053294,10990,10905,10778,10905,0.06755340095320204,0.012280598507021312,545258,1897,18.68143710000004,cuda
262000,1310.000000005384,11020,10935,10808,10935,0.06704858277594485,0.013055819800744455,547223,1965,20.393198300000222,cuda
262500,1312.5000000054386,11056,10971,10844,10971,0.06644777810420374,0.012769853359916143,549507,2284,37.45824360000006,cuda
263000,1315.0000000054931,11090,11005,10878,11005,0.06588529561469,0.012968815370079349,551714,2207,36.95050320000155,cuda
263500,1317.5000000055477,11124,11039,10912,11039,0.0653275745567852,0.014734618434244218,553732,2018,31.216976499999873,cuda
264000,1320.0000000056023,11146,11061,10934,11061,0.06496921449350082,0.01666547965512357,555120,1388,24.76657460000024,cuda
264500,1322.5000000056568,11169,11084,10957,11084,0.06459666704029257,0.012700880857427483,556690,1570,26.382416000000376,cuda
265000,1325.0000000057114,11196,11110,10983,11110,0.06417809820385859,0.013098550226109533,558486,1796,20.050247499999386,cuda
265500,1327.500000005766,11226,11140,11013,11140,0.06369850324493787,0.01717371807123224,560252,1766,24.91457789999913,cuda
266000,1330.0000000058205,11253,11167,11040,11167,0.06326993282709066,0.015077682522435984,561663,1411,31.229061599999113,cuda
266500,1332.500000005875,11291,11205,11078,11205,0.06267164006635123,0.014787388144453106,563945,2282,34.04003400000147,cuda
267000,1335.0000000059297,11321,11235,11108,11235,0.062203302682036124,0.015084318459654848,565783,1838,28.74336619999849,cuda
267500,1337.5000000059842,11348,11262,11135,11262,0.061784792135259135,0.014355960474522025,567288,1505,23.92681300000004,cuda
268000,1340.0000000060388,11384,11298,11171,11298,0.06123115490356013,0.01342735453767495,569267,1979,23.660749300001044,cuda
268500,1342.5000000060934,11409,11323,11196,11323,0.06084960607209523,0.0170301753655076,570843,1576,30.626245800000106,cuda
269000,1345.000000006148,11447,11360,11233,11360,0.06028927270893131,0.014420857199945965,573415,2572,37.413627500000075,cuda
269500,1347.5000000062025,11487,11399,11272,11399,0.05970423585717856,0.013919935824397283,575620,2205,39.70816519999971,cuda
270000,1350.000000006257,11519,11431,11304,11431,0.05922844818292932,0.013340479315957054,577410,1790,25.445022100000642,cuda
270500,1352.5000000063117,11543,11455,11328,11455,0.05887409731391924,0.013441658307177326,578554,1144,20.17289829999936,cuda
271000,1355.0000000063662,11579,11490,11363,11490,0.05836113233414298,0.013173913729510137,580673,2119,27.38532320000013,cuda
271500,1357.5000000064208,11611,11522,11395,11522,0.05789604795577094,0.015460802911547944,582571,1898,40.83436690000053,cuda
272000,1360.0000000064754,11644,11555,11428,11555,0.05742031120332126,0.014882772963381174,584269,1698,31.944919600000503,cuda
272500,1362.50000000653,11686,11596,11469,11596,0.05683468626303857,0.012830251407605119,586343,2074,36.80285309999999,cuda
273000,1365.0000000065845,11718,11628,11501,11628,0.05638176625149261,0.014985699119279161,588249,1906,43.239947800000664,cuda
273500,1367.500000006639,11752,11662,11535,11662,0.055904492862537625,0.0142849347252837,590205,1956,32.693548200000805,cuda
274000,1370.0000000066937,11778,11688,11561,11688,0.05554224695108356,0.01455759692292374,591525,1320,38.68545189999895,cuda
274500,1372.5000000067482,11799,11709,11582,11709,0.05525137799364173,0.01436495084670328,593133,1608,33.17014879999988,cuda
275000,1375.0000000068028,11828,11738,11611,11738,0.05485220435751577,0.014666222132228571,595153,2020,29.602492699999857,cuda
275500,1377.5000000068574,11849,11759,11632,11759,0.05456494908120499,0.015550553576932066,596497,1344,30.595441200001005,cuda
276000,1380.000000006912,11869,11778,11651,11778,0.05430634791064068,0.0155189116240332,597549,1052,26.067230700000437,cuda
276500,1382.5000000069665,11890,11799,11672,11799,0.05402195122764093,0.015653334025825773,598617,1068,23.320950600000288,cuda
277000,1385.000000007021,11908,11817,11690,11817,0.053779368343890584,0.01325906714838412,599619,1002,18.90502219999871,cuda
277500,1387.5000000070756,11931,11839,11712,11839,0.053484356965098956,0.013236270963468334,601030,1411,25.17173079999884,cuda
278000,1390.0000000071302,11961,11868,11741,11868,0.053097949493993435,0.015111102176637485,602554,1524,18.38357089999954,cuda
278500,1392.5000000071848,11982,11889,11762,11889,0.05281988106753568,0.013208112014191491,603756,1202,26.071692699999403,cuda
279000,1395.0000000072394,12002,11909,11782,11909,0.05255640795843044,0.013454039325006306,604752,996,16.274821499999234,cuda
279500,1397.500000007294,12031,11938,11811,11938,0.052176704623811354,0.014511400576809356,606264,1512,38.08135070000026,cuda
280000,1400.0000000073485,12053,11960,11833,11960,0.051890484795541016,0.014675720954652537,607483,1219,41.305425399999876,cuda
280500,1402.500000007403,12069,11976,11849,11976,0.05168331158132178,0.014542247634381056,608454,971,32.16715180000028,cuda
281000,1405.0000000074576,12087,11994,11867,11994,0.05145123024252797,0.013743942111937536,609317,863,14.485066900000675,cuda
281500,1407.5000000075122,12113,12020,11893,12020,0.051117840261861024,0.012948953080922365,610900,1583,23.31735359999948,cuda
282000,1410.0000000075668,12140,12047,11920,12047,0.05077391390496954,0.01438314029601989,612481,1581,31.20005520000086,cuda
282500,1412.5000000076213,12153,12059,11932,12059,0.05062180143121232,0.012524649229211112,613291,810,18.184191099999225,cuda
283000,1415.000000007676,12174,12080,11953,12080,0.05035670033404044,0.013099581069712127,614794,1503,25.34755740000037,cuda
283500,1417.5000000077305,12191,12097,11970,12097,0.05014311185500153,0.01479706255828633,615686,892,17.98186110000097,cuda
284000,1420.000000007785,12208,12114,11987,12114,0.05,0.013710117296260945,616575,889,19.680505299998913,cuda
284500,1422.5000000078396,12231,12137,12010,12137,0.05,0.017285073459472344,618245,1670,27.108026699999755,cuda
285000,1425.0000000078942,12254,12159,12032,12159,0.05,0.01668069672516801,619641,1396,36.66590039999937,cuda
285500,1427.5000000079488,12270,12175,12048,12175,0.05,0.014106724236626178,620716,1075,28.432359100001122,cuda
286000,1430.0000000080033,12284,12189,12062,12189,0.05,0.014975316090775388,621654,938,16.797988199999963,cuda
286500,1432.500000008058,12293,12197,12070,12197,0.05,0.013353376532904804,622211,557,15.558506399998805,cuda
287000,1435.0000000081125,12300,12204,12077,12204,0.05,0.015883476340344975,622688,477,9.49073639999915,cuda
287500,1437.500000008167,12315,12219,12092,12219,0.05,0.01681762815763553,623328,640,9.215977199999543,cuda
288000,1440.0000000082216,12330,12234,12107,12234,0.05,0.015518940923114618,624260,932,13.608333100000891,cuda
288500,1442.5000000082762,12341,12245,12118,12245,0.05,0.01331099071963267,624703,443,11.975510800000848,cuda
289000,1445.0000000083307,12368,12272,12145,12272,0.05,0.013772804203822656,625686,983,33.80990869999914,cuda
289500,1447.5000000083853,12383,12287,12160,12287,0.05,0.01586036415149768,626430,744,31.234624200000326,cuda
290000,1450.0000000084399,12398,12302,12175,12302,0.05,0.017129732482135295,627082,652,21.671928600000683,cuda
290500,1452.5000000084945,12418,12322,12195,12322,0.05,0.015774924727156758,628029,947,29.791585099999793,cuda
291000,1455.000000008549,12432,12336,12209,12336,0.05,0.016401745112878934,628702,673,29.196192299999893,cuda
291500,1457.5000000086036,12450,12354,12227,12354,0.05,0.013937916761885086,629620,918,19.19759890000023,cuda
292000,1460.0000000086582,12467,12371,12244,12371,0.05,0.014125479440040448,630894,1274,32.965132399998765,cuda
292500,1462.5000000087127,12478,12382,12255,12382,0.05,0.01782945382662795,631344,450,13.472090900000694,cuda
293000,1465.0000000087673,12492,12396,12269,12396,0.05,0.015202790698302644,631914,570,13.521327799999199,cuda
293500,1467.5000000088219,12503,12407,12280,12407,0.05,0.014578186483545736,632625,711,9.13403069999913,cuda
294000,1470.0000000088764,12517,12421,12294,12421,0.05,0.017116066733641282,633420,795,15.597979500000292,cuda
294500,1472.500000008931,12540,12444,12317,12444,0.05,0.015354600249101286,634569,1149,36.97266039999886,cuda
295000,1475.0000000089856,12548,12452,12325,12452,0.05,0.013086476479656994,634938,369,7.695705599999201,cuda
295500,1477.5000000090401,12560,12464,12337,12464,0.05,0.013924329852064451,635463,525,11.005423200000223,cuda
296000,1480.0000000090947,12579,12483,12356,12483,0.05,0.01679167207820635,636642,1179,42.07769980000012,cuda
296500,1482.5000000091493,12594,12498,12371,12498,0.05,0.01543669793754816,637499,857,16.66165759999967,cuda
297000,1485.0000000092039,12604,12508,12381,12508,0.05,0.015535182598978282,637825,326,19.245916300000317,cuda
297500,1487.5000000092584,12618,12522,12395,12522,0.05,0.015863194995160614,638574,749,17.372396999999182,cuda
298000,1490.000000009313,12631,12535,12408,12535,0.05,0.01800442888186528,639180,606,23.036370399999214,cuda
298500,1492.5000000093676,12639,12543,12416,12543,0.05,0.013817248749546707,639601,421,7.077234399999725,cuda
299000,1495.0000000094221,12649,12553,12426,12553,0.05,0.017634386848658323,640311,710,15.313834799999313,cuda
299500,1497.5000000094767,12660,12564,12437,12564,0.05,0.01596140480515632,640872,561,20.824424700000236,cuda
300000,1500.0000000095313,12671,12575,12448,12575,0.05,0.014622058296068148,641436,564,12.7068720999996,cuda
300500,1502.5000000095858,12684,12588,12461,12588,0.05,0.01593332114414527,642051,615,26.933140099999946,cuda
301000,1505.0000000096404,12696,12600,12473,12600,0.05,0.014820465818047523,642605,554,21.77157460000126,cuda
301500,1507.500000009695,12708,12612,12485,12612,0.05,0.014194268189991513,643136,531,10.208345899998676,cuda
302000,1510.0000000097496,12715,12619,12492,12619,0.05,0.014680252277425357,643509,373,17.092617600001176,cuda
302500,1512.5000000098041,12720,12624,12497,12624,0.05,0.012321548722684383,643653,144,9.124910999998974,cuda
303000,1515.0000000098587,12727,12631,12504,12631,0.05,0.01540468939180885,644048,395,23.547157199998765,cuda
303500,1517.5000000099133,12735,12639,12512,12639,0.05,0.014130893512628973,644357,309,13.767291999998633,cuda
304000,1520.0000000099678,12747,12651,12524,12651,0.05,0.015489461366087198,644888,531,25.0349554000004,cuda
304500,1522.5000000100224,12754,12658,12531,12658,0.05,0.014803443769259112,645199,311,12.441979100000026,cuda
305000,1525.000000010077,12765,12669,12542,12669,0.05,0.015826371837068687,645803,604,29.62845490000109,cuda
305500,1527.5000000101315,12777,12681,12554,12681,0.05,0.01391050056554377,646267,464,27.21268389999932,cuda
306000,1530.000000010186,12792,12695,12568,12695,0.05,0.017141127892370735,646838,571,17.70148750000044,cuda
306500,1532.5000000102407,12807,12709,12582,12709,0.05,0.017732569548700537,647614,776,32.679293099999995,cuda
307000,1535.0000000102953,12818,12720,12593,12720,0.05,0.016691559756344013,648047,433,17.83366339999884,cuda
307500,1537.5000000103498,12835,12737,12610,12737,0.05,0.013590304509681813,648903,856,29.401000199999544,cuda
308000,1540.0000000104044,12842,12744,12617,12744,0.05,0.015608354471623898,649313,410,8.816291799999817,cuda
308500,1542.500000010459,12857,12758,12631,12758,0.05,0.016633225937506983,649782,469,20.797592700000678,cuda
309000,1545.0000000105135,12876,12777,12650,12777,0.05,0.015166634252589,650446,664,25.64596249999886,cuda
309500,1547.500000010568,12901,12802,12675,12802,0.05,0.015047547295689584,651332,886,38.97602430000006,cuda
310000,1550.0000000106227,12923,12824,12697,12824,0.05,0.016290787607431412,652111,779,32.86849000000075,cuda
310500,1552.5000000106772,12954,12855,12728,12855,0.05,0.016164219547663967,653180,1069,37.54405720000068,cuda
311000,1555.0000000107318,12991,12891,12764,12891,0.05,0.01547637055369301,654547,1367,28.589146499998606,cuda
311500,1557.5000000107864,13034,12934,12807,12934,0.05,0.015265444878402144,657003,2456,58.31198129999939,cuda
312000,1560.000000010841,13072,12972,12845,12972,0.05,0.016032007057219744,659118,2115,27.986387799999648,cuda
312500,1562.5000000108955,13105,13004,12877,13004,0.05,0.01550156224402599,661026,1908,26.808186100000967,cuda
313000,1565.00000001095,13137,13035,12908,13035,0.05,0.01458549826976753,663581,2555,25.66686699999991,cuda
313500,1567.5000000110047,13177,13075,12948,13075,0.05,0.014949725707992911,666391,2810,43.11547189999874,cuda
314000,1570.0000000110592,13202,13099,12972,13099,0.05,0.014167375804390758,668207,1816,25.27458520000073,cuda
314500,1572.5000000111138,13230,13126,12999,13126,0.05,0.01706102176534909,670536,2329,23.09753719999935,cuda
315000,1575.0000000111684,13271,13167,13040,13167,0.05,0.01920469234720236,675050,4514,44.68077869999979,cuda
315500,1577.500000011223,13295,13191,13064,13191,0.05,0.016112325984674197,677659,2609,31.803555599999527,cuda
316000,1580.0000000112775,13318,13214,13087,13214,0.05,0.0167516419340087,680191,2532,34.83820960000048,cuda
316500,1582.500000011332,13350,13246,13119,13246,0.05,0.016365338873583823,683278,3087,29.10503300000164,cuda
317000,1585.0000000113866,13382,13278,13151,13278,0.05,0.017876787489512935,686240,2962,31.850499600001058,cuda
317500,1587.5000000114412,13409,13305,13178,13305,0.05,0.015251272254519992,689224,2984,26.180829700000686,cuda
318000,1590.0000000114958,13440,13336,13209,13336,0.05,0.01712392141381579,692357,3133,46.025243000000046,cuda
318500,1592.5000000115504,13474,13370,13243,13370,0.05,0.015196326873539126,695745,3388,29.706912600000578,cuda
319000,1595.000000011605,13505,13400,13273,13400,0.05,0.017342133757968742,698154,2409,34.610515500000474,cuda
319500,1597.5000000116595,13535,13430,13303,13430,0.05,0.016845539895196757,700206,2052,33.56053369999972,cuda
320000,1600.000000011714,13563,13458,13331,13458,0.05,0.015978697188464657,702230,2024,34.321597799998926,cuda
320500,1602.5000000117686,13600,13495,13368,13495,0.05,0.014959553911073788,704923,2693,45.401259800000844,cuda
321000,1605.0000000118232,13635,13530,13403,13530,0.05,0.016680578847548793,707030,2107,33.8983446000002,cuda
321500,1607.5000000118778,13667,13562,13435,13562,0.05,0.016291934618493542,708781,1751,47.46535480000057,cuda
322000,1610.0000000119323,13695,13590,13463,13590,0.05,0.014821280459208148,710542,1761,31.82990459999928,cuda
322500,1612.500000011987,13727,13622,13495,13622,0.05,0.01827522469102405,712369,1827,38.31828400000086,cuda
323000,1615.0000000120415,13749,13644,13517,13644,0.05,0.01655291122469035,713654,1285,27.14121250000062,cuda
323500,1617.500000012096,13779,13674,13547,13674,0.05,0.01640329882502556,715709,2055,47.78024329999971,cuda
324000,1620.0000000121506,13797,13692,13565,13692,0.05,0.01594514570509394,716922,1213,23.41086770000038,cuda
324500,1622.5000000122052,13821,13716,13589,13716,0.05,0.016193223379862804,718199,1277,16.117032199999812,cuda
325000,1625.0000000122598,13849,13744,13617,13744,0.05,0.01660647938427116,719841,1642,28.951586800001678,cuda
325500,1627.5000000123143,13885,13780,13653,13780,0.05,0.015255560477574667,722223,2382,49.676419200000964,cuda
326000,1630.000000012369,13912,13807,13680,13807,0.05,0.016267063924007945,723790,1567,24.27857850000146,cuda
326500,1632.5000000124235,13956,13851,13724,13851,0.05,0.016349737193774094,725996,2206,48.922416800000065,cuda
327000,1635.000000012478,13985,13880,13753,13880,0.05,0.016701960679272126,727727,1731,26.152065899999798,cuda
327500,1637.5000000125326,14019,13914,13787,13914,0.05,0.01541622303535833,729393,1666,41.66089640000064,cuda
328000,1640.0000000125872,14040,13935,13808,13935,0.05,0.015607235199283986,730469,1076,25.211035899999843,cuda
328500,1642.5000000126417,14076,13971,13844,13971,0.05,0.016534161508186825,732407,1938,47.23521439999968,cuda
329000,1645.0000000126963,14107,14001,13874,14001,0.05,0.01614477907617887,734418,2011,31.870425799999794,cuda
329500,1647.500000012751,14144,14038,13911,14038,0.05,0.01749365306081804,736827,2409,36.842988599999444,cuda
330000,1650.0000000128055,14164,14058,13931,14058,0.05,0.015503652393817902,738041,1214,13.969649099999515,cuda
330500,1652.50000001286,14189,14083,13956,14083,0.05,0.015012793689966202,739499,1458,31.15524109999933,cuda
331000,1655.0000000129146,14213,14107,13980,14107,0.05,0.015962364540124934,740839,1340,15.357256200000847,cuda
331500,1657.5000000129692,14246,14140,14013,14140,0.05,0.01935617629946633,743039,2200,54.85254720000012,cuda
332000,1660.0000000130237,14277,14171,14044,14171,0.05,0.018077778359574657,744810,1771,33.635490599999684,cuda
332500,1662.5000000130783,14295,14189,14062,14189,0.05,0.015465090982615948,745907,1097,28.03839270000026,cuda
333000,1665.0000000131329,14322,14216,14089,14216,0.05,0.018598657618794177,747645,1738,43.8128429999997,cuda
333500,1667.5000000131874,14340,14234,14107,14234,0.05,0.017196840865330562,748923,1278,15.162524600000324,cuda
334000,1670.000000013242,14368,14261,14134,14261,0.05,0.016244657372158987,750606,1683,47.88044069999887,cuda
334500,1672.5000000132966,14391,14284,14157,14284,0.05,0.0157549978112397,751970,1364,32.221686599999884,cuda
335000,1675.0000000133512,14406,14299,14172,14299,0.05,0.016024914321800074,752752,782,9.307533300001523,cuda
335500,1677.5000000134057,14426,14319,14192,14319,0.05,0.01655960571952164,754114,1362,27.908588799999052,cuda
336000,1680.0000000134603,14448,14341,14214,14341,0.05,0.01820739155465906,755123,1009,29.516514400000233,cuda
336500,1682.5000000135149,14464,14357,14230,14357,0.05,0.017260555468965322,755827,704,8.185737100000551,cuda
337000,1685.0000000135694,14490,14382,14255,14382,0.05,0.015468043945729733,757349,1522,32.156716999999844,cuda
337500,1687.500000013624,14507,14399,14272,14399,0.05,0.018880311892751384,758307,958,40.861084800000754,cuda
338000,1690.0000000136786,14526,14418,14291,14418,0.05,0.016345958470513944,758895,588,14.240614899999855,cuda
338500,1692.5000000137331,14548,14440,14313,14440,0.05,0.01637484598904848,760482,1587,37.404547600001024,cuda
339000,1695.0000000137877,14572,14463,14336,14463,0.05,0.017206981778144836,761440,958,22.82975339999939,cuda
339500,1697.5000000138423,14590,14480,14353,14480,0.05,0.017794398152652907,762381,941,17.374824100001206,cuda
340000,1700.0000000138969,14605,14494,14367,14494,0.05,0.0165281118825078,763151,770,13.282963500001642,cuda
340500,1702.5000000139514,14629,14518,14391,14518,0.05,0.018387522781267762,764366,1215,40.07536600000094,cuda
341000,1705.000000014006,14648,14537,14410,14537,0.05,0.01779501821453634,765380,1014,17.40837669999928,cuda
341500,1707.5000000140606,14669,14558,14431,14558,0.05,0.016319129438627334,766493,1113,32.390154200000325,cuda
342000,1710.0000000141151,14686,14575,14448,14575,0.05,0.017340564662042784,767351,858,25.14155859999846,cuda
342500,1712.5000000141697,14703,14591,14464,14591,0.05,0.018683287024032325,768452,1101,18.555373099999997,cuda
343000,1715.0000000142243,14719,14607,14480,14607,0.05,0.01652102335356176,769227,775,14.358210300000792,cuda
343500,1717.5000000142788,14730,14618,14491,14618,0.05,0.014877361584116112,770049,822,15.627070000000458,cuda
344000,1720.0000000143334,14748,14636,14509,14636,0.05,0.016664522958712444,771095,1046,18.311824000000342,cuda
344500,1722.500000014388,14763,14651,14524,14651,0.05,0.018303357685605686,772179,1084,29.515143599999647,cuda
345000,1725.0000000144425,14776,14664,14537,14664,0.05,0.018028424121439457,773047,868,15.867451500000243,cuda
345500,1727.5000000144971,14789,14677,14550,14677,0.05,0.019225346569258433,773685,638,17.3941691,cuda
346000,1730.0000000145517,14801,14689,14562,14689,0.05,0.019042029045522213,774098,413,14.975309299999935,cuda
346500,1732.5000000146063,14817,14705,14578,14705,0.05,0.015686498256400228,774745,647,20.542428500000824,cuda
347000,1735.0000000146608,14832,14720,14593,14720,0.05,0.017851472459733488,775187,442,16.658445400000346,cuda
347500,1737.5000000147154,14849,14736,14609,14736,0.05,0.019123190373647958,775791,604,20.20768339999995,cuda
348000,1740.00000001477,14864,14751,14624,14751,0.05,0.015730907581746577,776384,593,21.973973500000284,cuda
348500,1742.5000000148245,14874,14761,14634,14761,0.05,0.01675711860880256,776751,367,12.407129199998963,cuda
349000,1745.000000014879,14891,14778,14651,14778,0.05,0.017966648508958957,777532,781,22.58547240000007,cuda
349500,1747.5000000149337,14912,14798,14671,14798,0.05,0.01746750888414681,778387,855,26.82660659999965,cuda
350000,1750.0000000149882,14930,14816,14689,14816,0.05,0.018592844872425,779344,957,38.39353100000153,cuda
350500,1752.5000000150428,14945,14831,14704,14831,0.05,0.016708127595484255,780028,684,29.039645000000746,cuda
351000,1755.0000000150974,14961,14847,14720,14847,0.05,0.016437317070085555,780855,827,24.548108900000443,cuda
351500,1757.500000015152,14982,14868,14741,14868,0.05,0.018959514486293,781867,1012,31.906494299999395,cuda
352000,1760.0000000152065,14994,14880,14753,14880,0.05,0.015569360228255391,782396,529,10.877767399999357,cuda
352500,1762.500000015261,15004,14890,14763,14890,0.05,0.017527540866285562,782790,394,18.76758399999926,cuda
353000,1765.0000000153157,15021,14907,14780,14907,0.05,0.01589872274438248,783700,910,32.18485859999964,cuda
353500,1767.5000000153702,15032,14918,14791,14918,0.05,0.01801139505749399,784223,523,14.254536300000836,cuda
354000,1770.0000000154248,15041,14927,14800,14927,0.05,0.014874822563595243,784840,617,20.55003360000046,cuda
354500,1772.5000000154794,15054,14940,14813,14940,0.05,0.01802612619044689,785469,629,19.103393600000345,cuda
355000,1775.000000015534,15060,14946,14819,14946,0.05,0.020783742889761925,785789,320,5.363820599999599,cuda
355500,1777.5000000155885,15070,14956,14829,14956,0.05,0.017739329114556314,786265,476,8.724546800000098,cuda
356000,1780.000000015643,15086,14972,14845,14972,0.05,0.01775464863749221,787116,851,22.26359059999959,cuda
356500,1782.5000000156977,15101,14987,14860,14987,0.05,0.016358255160351595,787842,726,21.830872500000623,cuda
357000,1785.0000000157522,15111,14997,14870,14997,0.05,0.017842307221144438,788324,482,14.75072469999941,cuda
357500,1787.5000000158068,15126,15012,14885,15012,0.05,0.015526495563487211,789272,948,34.0008643000001,cuda
358000,1790.0000000158614,15136,15022,14895,15022,0.05,0.015267921797931194,789831,559,11.340589499999624,cuda
358500,1792.500000015916,15146,15032,14905,15032,0.05,0.01720763146877289,790269,438,18.87337540000044,cuda
359000,1795.0000000159705,15158,15044,14917,15044,0.05,0.015037142749254903,791125,856,34.5098710000002,cuda
359500,1797.500000016025,15163,15049,14922,15049,0.05,0.01454263050109148,791537,412,25.614449600001535,cuda
360000,1800.0000000160796,15173,15059,14932,15059,0.05,0.016345014050602912,791887,350,17.776857299999392,cuda
360500,1802.5000000161342,15184,15070,14943,15070,0.05,0.017023876394060524,792397,510,34.17362939999839,cuda
361000,1805.0000000161888,15189,15074,14947,15074,0.05,0.013762473361566663,792631,234,12.561758800000462,cuda
361500,1807.5000000162433,15197,15082,14955,15082,0.05,0.01847467676270753,792977,346,18.98469819999991,cuda
362000,1810.000000016298,15212,15097,14970,15097,0.05,0.016384849386910597,793612,635,29.36149960000148,cuda
362500,1812.5000000163525,15228,15113,14986,15113,0.05,0.015754055988509208,794289,677,39.38027300000067,cuda
363000,1815.000000016407,15244,15129,15002,15129,0.05,0.017477563116699457,794964,675,25.489848100000017,cuda
363500,1817.5000000164616,15257,15142,15015,15142,0.05,0.026521033320862513,795558,594,34.42664059999879,cuda
364000,1820.0000000165162,15271,15156,15029,15156,0.05,0.01938943937420845,796334,776,43.409711099999186,cuda
364500,1822.5000000165708,15284,15169,15042,15169,0.05,0.019368644159000654,796888,554,25.311090400000467,cuda
365000,1825.0000000166253,15296,15181,15054,15181,0.05,0.019119192535678547,797382,494,14.42782090000037,cuda
365500,1827.50000001668,15311,15196,15069,15196,0.05,0.019688237520555655,798229,847,27.946728099999746,cuda
366000,1830.0000000167345,15330,15215,15088,15215,0.05,0.01748444630127204,798919,690,27.275619399999414,cuda
366500,1832.500000016789,15351,15236,15109,15236,0.05,0.01768237773683809,799837,918,38.42844270000023,cuda
367000,1835.0000000168436,15370,15254,15127,15254,0.05,0.017546608888854582,800808,971,29.567877900000894,cuda
367500,1837.5000000168982,15396,15279,15152,15279,0.05,0.01658368021249771,802135,1327,21.391914899999392,cuda
368000,1840.0000000169528,15424,15307,15180,15307,0.05,0.018492881740842546,803740,1605,29.132418199998938,cuda
368500,1842.5000000170073,15448,15331,15204,15331,0.05,0.019004747737199068,805025,1285,39.45483819999936,cuda
369000,1845.000000017062,15483,15364,15237,15364,0.05,0.019421189402540524,807003,1978,33.413433100000475,cuda
369500,1847.5000000171165,15508,15389,15262,15389,0.05,0.01917983330786228,808252,1249,22.323974900000394,cuda
370000,1850.000000017171,15544,15425,15298,15425,0.05,0.017284337922723755,810220,1968,33.100437000000966,cuda
370500,1852.5000000172256,15579,15460,15333,15460,0.05,0.018275243256773266,812473,2253,36.23101499999939,cuda
371000,1855.0000000172802,15617,15498,15371,15498,0.05,0.017288040908935823,815046,2573,56.91235600000073,cuda
371500,1857.5000000173347,15646,15527,15400,15527,0.05,0.016878040250519227,817490,2444,32.71529890000056,cuda
372000,1860.0000000173893,15670,15551,15424,15551,0.05,0.017888034344650805,819463,1973,47.690312300001096,cuda
372500,1862.5000000174439,15706,15587,15460,15587,0.05,0.017800639771545928,822533,3070,36.64614719999918,cuda
373000,1865.0000000174985,15746,15627,15500,15627,0.05,0.020396123081445693,826133,3600,43.12170200000037,cuda
373500,1867.500000017553,15776,15657,15530,15657,0.05,0.01866902836288015,829051,2918,25.311398799998642,cuda
374000,1870.0000000176076,15806,15687,15560,15687,0.05,0.01930475744108359,831945,2894,30.478432100000646,cuda
374500,1872.5000000176622,15830,15711,15584,15711,0.05,0.01766699579699586,834186,2241,21.644801200000074,cuda
375000,1875.0000000177167,15866,15747,15620,15747,0.05,0.0175971670800613,837466,3280,47.38709750000089,cuda
375500,1877.5000000177713,15905,15786,15659,15786,0.05,0.019313086206332233,840574,3108,33.283164399999805,cuda
376000,1880.0000000178259,15937,15818,15691,15818,0.05,0.018505889747757465,843372,2798,39.64468789999955,cuda
376500,1882.5000000178804,15965,15846,15719,15846,0.05,0.017266124786276902,845700,2328,32.50217100000009,cuda
377000,1885.000000017935,15992,15873,15746,15873,0.05,0.01815884256804431,847612,1912,34.13698990000012,cuda
377500,1887.5000000179896,16015,15896,15769,15896,0.05,0.019738038313453613,849202,1590,20.2587524999999,cuda
378000,1890.0000000180441,16045,15926,15799,15926,0.05,0.017419060630102953,851424,2222,34.5615729000001,cuda
378500,1892.5000000180987,16075,15955,15828,15955,0.05,0.01635853785636096,853531,2107,41.91007229999923,cuda
379000,1895.0000000181533,16104,15984,15857,15984,0.05,0.016752985081282156,855651,2120,34.84339389999877,cuda
379500,1897.5000000182079,16131,16009,15882,16009,0.05,0.018981880433857443,857320,1669,46.40964580000036,cuda
380000,1900.0000000182624,16168,16046,15919,16046,0.05,0.017440601252019405,859836,2516,46.8892952999995,cuda
380500,1902.500000018317,16207,16085,15958,16085,0.05,0.016335122072352812,862566,2730,44.103240899999946,cuda
381000,1905.0000000183716,16238,16116,15989,16116,0.05,0.018256096860333797,864627,2061,37.85473219999949,cuda
381500,1907.5000000184261,16270,16147,16020,16147,0.05,0.020317698077809428,866618,1991,31.783075800000006,cuda
382000,1910.0000000184807,16303,16180,16053,16180,0.05,0.016617779676435573,868866,2248,34.46508079999876,cuda
382500,1912.5000000185353,16334,16211,16084,16211,0.05,0.019833379755577734,870871,2005,25.5824061000003,cuda
383000,1915.0000000185898,16362,16239,16112,16239,0.05,0.018240516872278283,872470,1599,25.963843100000304,cuda
383500,1917.5000000186444,16400,16277,16150,16277,0.05,0.017677439352203356,875219,2749,42.164274200000364,cuda
384000,1920.000000018699,16439,16315,16188,16315,0.05,0.021171720306340017,877839,2620,34.21227060000092,cuda
384500,1922.5000000187536,16468,16344,16217,16344,0.05,0.019433786129129344,879670,1831,30.465017100001205,cuda
385000,1925.0000000188081,16502,16378,16251,16378,0.05,0.01681427367250709,881821,2151,38.10564040000099,cuda
385500,1927.5000000188627,16545,16421,16294,16421,0.05,0.019074019867666932,884678,2857,58.16567279999981,cuda
386000,1930.0000000189173,16575,16451,16324,16451,0.05,0.018586130750675996,886607,1929,44.724798200000805,cuda
386500,1932.5000000189718,16600,16476,16349,16476,0.05,0.019380141831934452,887814,1207,39.101422799998545,cuda
387000,1935.0000000190264,16636,16512,16385,16512,0.05,0.018140168679464195,890201,2387,48.8112586999996,cuda
387500,1937.500000019081,16660,16534,16407,16534,0.05,0.020773433868519285,891623,1422,19.47925369999939,cuda
388000,1940.0000000191355,16689,16562,16435,16562,0.05,0.017805105574162945,893449,1826,24.54668270000184,cuda
388500,1942.50000001919,16720,16593,16466,16593,0.05,0.017615097454719005,895435,1986,36.14850209999713,cuda
389000,1945.0000000192447,16751,16624,16497,16624,0.05,0.018892332911491394,897447,2012,44.24313059999986,cuda
389500,1947.5000000192993,16764,16637,16510,16637,0.05,0.02014452999887558,898187,740,19.28930229999969,cuda
390000,1950.0000000193538,16790,16662,16535,16662,0.05,0.01865666151046753,899508,1321,30.320223700000497,cuda
390500,1952.5000000194084,16810,16681,16554,16681,0.05,0.01960334353345005,900676,1168,29.214336100001674,cuda
391000,1955.000000019463,16833,16704,16577,16704,0.05,0.018812853721496853,902077,1401,24.81175499999881,cuda
391500,1957.5000000195175,16857,16728,16601,16728,0.05,0.017928852854917448,903271,1194,20.214805100000376,cuda
392000,1960.000000019572,16875,16746,16619,16746,0.05,0.02027199738141563,904701,1430,28.987082700001338,cuda
392500,1962.5000000196267,16893,16764,16637,16764,0.05,0.017639286040018003,905691,990,16.53842799999984,cuda
393000,1965.0000000196812,16918,16789,16662,16789,0.05,0.017829792276024818,906898,1207,23.732120600001508,cuda
393500,1967.5000000197358,16947,16818,16691,16818,0.05,0.018480333050006424,908418,1520,22.750559299998713,cuda
394000,1970.0000000197904,16968,16839,16712,16839,0.05,0.016369122701386612,909519,1101,37.93110109999907,cuda
394500,1972.500000019845,16985,16855,16728,16855,0.05,0.017514851526357234,910146,627,13.953567799999291,cuda
395000,1975.0000000198995,17000,16870,16743,16870,0.05,0.018047855856517952,910719,573,14.501742000000377,cuda
395500,1977.500000019954,17013,16883,16756,16883,0.05,0.016206741691208802,911280,561,10.215758600003028,cuda
396000,1980.0000000200087,17033,16903,16776,16903,0.05,0.017071331618353724,912253,973,23.525174200000038,cuda
396500,1982.5000000200632,17055,16925,16798,16925,0.05,0.018371564293788237,913382,1129,17.447821300000214,cuda
397000,1985.0000000201178,17071,16941,16814,16941,0.05,0.020446310460101813,914297,915,22.479512900001282,cuda
397500,1987.5000000201724,17084,16954,16827,16954,0.05,0.019352455910008688,914929,632,17.601683499997307,cuda
398000,1990.000000020227,17106,16975,16848,16975,0.05,0.01782158939611344,915888,959,14.378308499999548,cuda
398500,1992.5000000202815,17119,16987,16860,16987,0.05,0.01744245799879233,916484,596,19.573413999998593,cuda
399000,1995.000000020336,17135,17003,16876,17003,0.05,0.018106195551808923,917443,959,22.871146000001318,cuda
399500,1997.5000000203906,17151,17019,16892,17019,0.05,0.020876391557976604,918532,1089,25.522786199999246,cuda
400000,2000.0000000204452,17165,17033,16906,17033,0.05,0.019061775212841376,919258,726,17.772041200001695,cuda
400500,2002.5000000204998,17173,17041,16914,17041,0.05,0.018241754500195384,919708,450,16.511249499999394,cuda
401000,2005.0000000205544,17187,17054,16927,17054,0.05,0.019866221799300268,920718,1010,11.499590100000205,cuda
401500,2007.500000020609,17208,17075,16948,17075,0.05,0.018135561519080683,921905,1187,24.52123339999889,cuda
402000,2010.0000000206635,17220,17087,16960,17087,0.05,0.019303817845260102,922587,682,16.530076999999437,cuda
402500,2012.500000020718,17236,17103,16976,17103,0.05,0.017936477030161768,923615,1028,13.112647599999036,cuda
403000,2015.0000000207726,17246,17113,16986,17113,0.05,0.018618291802704336,924150,535,10.182629300001281,cuda
403500,2017.5000000208272,17261,17128,17001,17128,0.05,0.021103439604242644,924741,591,22.87600609999936,cuda
404000,2020.0000000208818,17272,17138,17011,17138,0.05,0.028862529993057252,925105,364,10.449702599999,cuda
404500,2022.5000000209363,17282,17148,17021,17148,0.05,0.02395600937306881,925399,294,7.202960300000996,cuda
405000,2025.000000020991,17303,17169,17042,17169,0.05,0.020450187181787833,926481,1082,21.771550800000114,cuda
405500,2027.5000000210455,17319,17185,17058,17185,0.05,0.02002476464258507,927198,717,15.38667870000063,cuda
406000,2030.0000000211,17332,17197,17070,17197,0.05,0.017029239718491834,927704,506,23.050641099998757,cuda
406500,2032.5000000211546,17355,17220,17093,17220,0.05,0.019800415991441063,928987,1283,30.267040099999576,cuda
407000,2035.0000000212092,17375,17240,17113,17240,0.05,0.021707856422290207,930302,1315,18.967480700001033,cuda
407500,2037.5000000212638,17392,17257,17130,17257,0.05,0.020721948048209444,931311,1009,30.938651799999207,cuda
408000,2040.0000000213183,17405,17270,17143,17270,0.05,0.018503384091533147,931975,664,12.396349000002374,cuda
408500,2042.500000021373,17421,17286,17159,17286,0.05,0.01941847975831479,933064,1089,14.47011179999754,cuda
409000,2045.0000000214275,17440,17305,17178,17305,0.05,0.020855063229407136,934631,1567,23.44500440000047,cuda
409500,2047.500000021482,17455,17320,17193,17320,0.05,0.021069734543561935,935986,1355,26.12191079999684,cuda
410000,2050.0000000215364,17470,17335,17208,17335,0.05,0.0200343015914162,937107,1121,35.25192530000277,cuda
410500,2052.500000021591,17488,17353,17226,17353,0.05,0.022737040080957942,938458,1351,28.65540030000193,cuda
411000,2055.0000000216455,17498,17363,17236,17363,0.05,0.019373930338770152,939345,887,17.824816600001213,cuda
411500,2057.5000000217,17512,17377,17250,17377,0.05,0.020181596412190368,940328,983,20.100035200001003,cuda
412000,2060.0000000217547,17524,17389,17262,17389,0.05,0.01798369479365647,941165,837,17.667867100000876,cuda
412500,2062.5000000218092,17531,17396,17269,17396,0.05,0.018941625287490233,941718,553,9.60357440000007,cuda
413000,2065.000000021864,17549,17414,17287,17414,0.05,0.019317810216711626,942862,1144,35.57693289999952,cuda
413500,2067.5000000219184,17562,17427,17300,17427,0.05,0.02192335375226461,943871,1009,18.647685899999487,cuda
414000,2070.000000021973,17570,17435,17308,17435,0.05,0.02181597240269184,944382,511,12.338664700000663,cuda
414500,2072.5000000220275,17584,17449,17322,17449,0.05,0.021096651908010244,945230,848,22.643232300000818,cuda
415000,2075.000000022082,17595,17460,17333,17460,0.05,0.01987117672847076,945750,520,10.183371700000862,cuda
415500,2077.5000000221366,17605,17470,17343,17470,0.05,0.020407047495245932,946356,606,8.700509899997996,cuda
416000,2080.000000022191,17614,17479,17352,17479,0.05,0.019707374481691256,946816,460,16.891435300000012,cuda
416500,2082.500000022246,17629,17494,17367,17494,0.05,0.0200949236129721,947742,926,34.98181079999995,cuda
417000,2085.0000000223004,17640,17505,17378,17505,0.05,0.02272368154742501,948444,702,19.05657979999887,cuda
417500,2087.500000022355,17652,17517,17390,17517,0.05,0.01972454390488565,949190,746,16.546875200001523,cuda
418000,2090.0000000224095,17659,17524,17397,17524,0.05,0.023297862548913275,949705,515,19.893540599998232,cuda
418500,2092.500000022464,17669,17533,17406,17533,0.05,0.0172610551946693,950120,415,11.823881000000256,cuda
419000,2095.0000000225186,17684,17548,17421,17548,0.05,0.021994988061487676,950953,833,29.402209500000026,cuda
419500,2097.500000022573,17690,17554,17427,17554,0.05,0.019453886275490124,951306,353,12.141003299999284,cuda
420000,2100.000000022628,17703,17567,17440,17567,0.05,0.022782454983546183,952128,822,23.713331299997662,cuda
420500,2102.5000000226823,17715,17579,17452,17579,0.05,0.024272774967054527,952828,700,20.443810400000075,cuda
421000,2105.000000022737,17734,17598,17471,17598,0.05,0.020178809222814283,953978,1150,47.416006799998286,cuda
421500,2107.5000000227915,17745,17609,17482,17609,0.05,0.02032204387201504,954522,544,17.054219300000113,cuda
422000,2110.000000022846,17757,17621,17494,17621,0.05,0.01962981295461456,955236,714,34.87163149999833,cuda
422500,2112.5000000229006,17772,17636,17509,17636,0.05,0.02183969101558129,955924,688,13.08654149999711,cuda
423000,2115.000000022955,17794,17657,17530,17657,0.05,0.02298628432410104,957115,1191,23.632673699998122,cuda
423500,2117.5000000230098,17812,17675,17548,17675,0.05,0.021106360738890037,958054,939,31.680973400001676,cuda
424000,2120.0000000230643,17837,17700,17573,17700,0.05,0.019932018704712392,959401,1347,41.961244300000544,cuda
424500,2122.500000023119,17866,17729,17602,17729,0.05,0.02119452181946615,960875,1474,41.432043600001634,cuda
425000,2125.0000000231735,17887,17750,17623,17750,0.05,0.02039137008112101,962032,1157,26.073838699998305,cuda
425500,2127.500000023228,17913,17775,17648,17775,0.05,0.020707139670848848,963706,1674,28.46618690000105,cuda
426000,2130.0000000232826,17936,17798,17671,17798,0.05,0.01903367180215276,965048,1342,22.1623299999992,cuda
426500,2132.500000023337,17969,17831,17704,17831,0.05,0.021697228802650265,967420,2372,37.789835499999754,cuda
427000,2135.0000000233917,18003,17865,17738,17865,0.05,0.02036568593672093,969990,2570,45.08477690000291,cuda
427500,2137.5000000234463,18035,17897,17770,17897,0.05,0.01851356468978338,972671,2681,26.03127950000271,cuda
428000,2140.000000023501,18060,17922,17795,17922,0.05,0.01994465500116348,974582,1911,42.955176200001006,cuda
428500,2142.5000000235555,18096,17958,17831,17958,0.05,0.01893653182519807,977430,2848,42.226415400000405,cuda
429000,2145.00000002361,18118,17980,17853,17980,0.05,0.019162993962791832,979394,1964,30.735089500001777,cuda
429500,2147.5000000236646,18149,18011,17884,18011,0.05,0.01836090513895596,981671,2277,41.05675579999661,cuda
430000,2150.000000023719,18181,18043,17916,18043,0.05,0.022028809442417696,984113,2442,25.87246310000046,cuda
430500,2152.5000000237737,18223,18085,17958,18085,0.05,0.020255387849396185,986950,2837,46.80114959999992,cuda
431000,2155.0000000238283,18255,18117,17990,18117,0.05,0.02050051384139806,989193,2243,26.803860600000917,cuda
431500,2157.500000023883,18287,18149,18022,18149,0.05,0.022247831540880725,991380,2187,37.640568700000586,cuda
432000,2160.0000000239374,18318,18180,18053,18180,0.05,0.01990290397718068,993678,2298,41.19816540000102,cuda
432500,2162.500000023992,18350,18212,18085,18212,0.05,0.020788848079973832,995675,1997,44.539116699997976,cuda
433000,2165.0000000240466,18381,18243,18116,18243,0.05,0.0191859069670881,998112,2437,46.003200000002835,cuda
433500,2167.500000024101,18404,18266,18139,18266,0.05,0.0245107334593068,999886,1774,38.397108400000434,cuda
434000,2170.0000000241557,18435,18297,18170,18297,0.05,0.02194256948367242,1002123,2237,39.90833009999915,cuda
434500,2172.5000000242103,18464,18326,18199,18326,0.05,0.020681490928962314,1003840,1717,36.33314210000026,cuda
435000,2175.000000024265,18500,18362,18235,18362,0.05,0.020051079362423882,1005683,1843,42.92617389999941,cuda
435500,2177.5000000243194,18524,18386,18259,18386,0.05,0.021728138090111315,1006889,1206,35.81372689999989,cuda
436000,2180.000000024374,18551,18413,18286,18413,0.05,0.022105859489076667,1008410,1521,30.031252900000254,cuda
436500,2182.5000000244286,18584,18446,18319,18446,0.05,0.021005515488937046,1010248,1838,44.12171180000223,cuda
437000,2185.000000024483,18621,18483,18356,18483,0.05,0.0211006303292674,1012361,2113,44.80364239999835,cuda
437500,2187.5000000245377,18659,18521,18394,18521,0.05,0.021161639719809357,1014937,2576,48.54755210000076,cuda
438000,2190.0000000245923,18694,18556,18429,18556,0.05,0.019876616820693017,1017467,2530,48.88264760000311,cuda
438500,2192.500000024647,18724,18586,18459,18586,0.05,0.020375922229140996,1019408,1941,37.473598599997786,cuda
439000,2195.0000000247014,18754,18616,18489,18616,0.05,0.019627541489899158,1021428,2020,32.2169642000008,cuda
439500,2197.500000024756,18783,18645,18518,18645,0.05,0.02152830599967776,1022951,1523,46.112844700001006,cuda
440000,2200.0000000248106,18808,18670,18543,18670,0.05,0.019637310691177846,1024498,1547,38.93426660000114,cuda
440500,2202.500000024865,18843,18705,18578,18705,0.05,0.020320187908198152,1026589,2091,55.07693510000172,cuda
441000,2205.0000000249197,18871,18733,18606,18733,0.05,0.02018165322286742,1028507,1918,44.41078820000257,cuda
441500,2207.5000000249743,18896,18758,18631,18758,0.05,0.019025940783321857,1029845,1338,33.452894500002,cuda
442000,2210.000000025029,18923,18785,18658,18785,0.05,0.01857367420086154,1031298,1453,42.99045269999988,cuda
442500,2212.5000000250834,18949,18811,18684,18811,0.05,0.01995676591132696,1032470,1172,25.30284169999868,cuda
443000,2215.000000025138,18981,18843,18716,18843,0.05,0.022031784668797627,1033935,1465,37.3229637000004,cuda
443500,2217.5000000251925,19020,18882,18755,18882,0.05,0.019055449929183874,1035971,2036,41.2361333000008,cuda
444000,2220.000000025247,19063,18925,18798,18925,0.05,0.019656920329082842,1037924,1953,34.7314738999994,cuda
444500,2222.5000000253017,19098,18960,18833,18960,0.05,0.021351483384413377,1039721,1797,47.934745899998234,cuda
445000,2225.0000000253563,19139,19001,18874,19001,0.05,0.021022100728459475,1041715,1994,45.232328599999164,cuda
445500,2227.500000025411,19166,19026,18899,19026,0.05,0.01899021476507187,1042985,1270,21.62383890000274,cuda
446000,2230.0000000254654,19199,19059,18932,19059,0.05,0.018539685530192924,1044796,1811,32.15958200000023,cuda
446500,2232.50000002552,19217,19077,18950,19077,0.05,0.019173089777015977,1045795,999,27.2960908999994,cuda
447000,2235.0000000255745,19240,19100,18973,19100,0.05,0.018663172488627228,1047092,1297,29.88451039999927,cuda
447500,2237.500000025629,19263,19122,18995,19122,0.05,0.017872727433727545,1048263,1171,29.517495100000815,cuda
448000,2240.0000000256837,19285,19143,19016,19143,0.05,0.0236314848686258,1049349,1086,23.065848299997015,cuda
448500,2242.5000000257382,19302,19160,19033,19160,0.05,0.023585042204050458,1050476,1127,15.40560849999747,cuda
449000,2245.000000025793,19317,19175,19048,19175,0.05,0.021293565755089124,1051214,738,20.805900199997268,cuda
449500,2247.5000000258474,19336,19194,19067,19194,0.05,0.0225576610843602,1052438,1224,12.661076600001252,cuda
450000,2250.000000025902,19351,19209,19082,19209,0.05,0.021915985768040023,1053200,762,13.68414340000163,cuda
450500,2252.5000000259565,19366,19224,19097,19224,0.05,0.01858892316619555,1054158,958,17.19790920000014,cuda
451000,2255.000000026011,19386,19244,19117,19244,0.05,0.022321793204173445,1055243,1085,17.016700199998013,cuda
451500,2257.5000000260657,19411,19269,19142,19269,0.05,0.019908984191715717,1056398,1155,21.643573299999844,cuda
452000,2260.0000000261202,19427,19284,19157,19284,0.05,0.02211062852293253,1057175,777,17.638571600000432,cuda
452500,2262.500000026175,19444,19301,19174,19301,0.05,0.018719670636688963,1058191,1016,22.153612599999178,cuda
453000,2265.0000000262294,19461,19318,19191,19318,0.05,0.024668000200215506,1059075,884,13.927300300001662,cuda
453500,2267.500000026284,19492,19348,19221,19348,0.05,0.020324200329681238,1060517,1442,30.38370759999816,cuda
454000,2270.0000000263385,19506,19362,19235,19362,0.05,0.019490023343158618,1061090,573,24.45290010000099,cuda
454500,2272.500000026393,19521,19377,19250,19377,0.05,0.021760911991198856,1061896,806,19.311748399999487,cuda
455000,2275.0000000264477,19545,19401,19274,19401,0.05,0.02139701465299974,1063245,1349,38.73790040000313,cuda
455500,2277.500000026502,19562,19418,19291,19418,0.05,0.020639998290468666,1064357,1112,29.596950600000127,cuda
456000,2280.000000026557,19585,19441,19314,19441,0.05,0.020892235652908035,1065680,1323,28.530150499998854,cuda
456500,2282.5000000266114,19598,19454,19327,19454,0.05,0.02165566957913912,1066209,529,17.652330000000802,cuda
457000,2285.000000026666,19613,19469,19342,19469,0.05,0.021632399534185727,1066847,638,22.45185549999951,cuda
457500,2287.5000000267205,19631,19487,19360,19487,0.05,0.02018619639178117,1067921,1074,22.50047469999845,cuda
458000,2290.000000026775,19645,19500,19373,19500,0.05,0.021913412027060986,1068652,731,19.822455599998648,cuda
458500,2292.5000000268296,19666,19521,19394,19521,0.05,0.02115109110517161,1069592,940,18.441316199998255,cuda
459000,2295.000000026884,19676,19530,19403,19530,0.05,0.026419239946537547,1070175,583,12.853361900000891,cuda
459500,2297.500000026939,19687,19541,19414,19541,0.05,0.02328412387181412,1070710,535,9.501847399998951,cuda
460000,2300.0000000269933,19708,19562,19435,19562,0.05,0.022725474710265797,1071623,913,40.75120109999989,cuda
460500,2302.500000027048,19717,19571,19444,19571,0.05,0.01568869346131881,1071947,324,15.47495379999964,cuda
461000,2305.0000000271025,19744,19598,19471,19598,0.05,0.020512247044179175,1072948,1001,36.644655500000226,cuda
461500,2307.500000027157,19757,19611,19484,19611,0.05,0.020720108340565976,1073308,360,12.464116499999363,cuda
462000,2310.0000000272116,19771,19625,19498,19625,0.05,0.021285099310002158,1073755,447,12.182191899999452,cuda
462500,2312.500000027266,19792,19646,19519,19646,0.05,0.021150475767041956,1074432,677,32.89411670000118,cuda
463000,2315.0000000273208,19809,19663,19536,19663,0.05,0.021207493894240436,1075013,581,20.224442499998986,cuda
463500,2317.5000000273753,19824,19678,19551,19678,0.05,0.024698033928871155,1075536,523,17.291030200001842,cuda
464000,2320.00000002743,19849,19703,19576,19703,0.05,0.02065164253115654,1076414,878,29.628426499999478,cuda
464500,2322.5000000274845,19859,19713,19586,19713,0.05,0.018667572271078826,1076826,412,15.756603199999518,cuda
465000,2325.000000027539,19882,19736,19609,19736,0.05,0.023604228890136532,1077593,767,38.52172419999988,cuda
465500,2327.5000000275936,19892,19746,19619,19746,0.05,0.023784306179732085,1078032,439,13.603593299998465,cuda
466000,2330.000000027648,19911,19765,19638,19765,0.05,0.020450951629563383,1078797,765,21.369950500000414,cuda
466500,2332.5000000277028,19926,19780,19653,19780,0.05,0.022583110754688582,1079370,573,17.984616699999606,cuda
467000,2335.0000000277573,19940,19794,19667,19794,0.05,0.021355774187083756,1079897,527,14.135057999999844,cuda
467500,2337.500000027812,19950,19804,19677,19804,0.05,0.023484025336802005,1080405,508,11.565223699999478,cuda
468000,2340.0000000278665,19958,19812,19685,19812,0.05,0.022914175875484943,1080905,500,14.368805699999939,cuda
468500,2342.500000027921,19977,19831,19704,19831,0.05,0.021056014064111207,1082044,1139,30.75565430000279,cuda
469000,2345.0000000279756,19990,19844,19717,19844,0.05,0.02152294794527384,1082681,637,13.426082400001178,cuda
469500,2347.50000002803,20003,19857,19730,19857,0.05,0.021389363835064266,1083381,700,13.54617700000017,cuda
470000,2350.0000000280847,20015,19869,19742,19869,0.05,0.023320840516438086,1084142,761,14.345763799999986,cuda
470500,2352.5000000281393,20034,19888,19761,19888,0.05,0.02504147236284457,1085320,1178,48.56613169999764,cuda
471000,2355.000000028194,20042,19896,19769,19896,0.05,0.021021701162680984,1085795,475,8.639905799998814,cuda
471500,2357.5000000282485,20053,19907,19780,19907,0.05,0.02201648886230859,1086349,554,15.0736665000004,cuda
472000,2360.000000028303,20067,19921,19794,19921,0.05,0.021507452707737684,1087239,890,26.930875000001834,cuda
472500,2362.5000000283576,20082,19936,19809,19936,0.05,0.019941940220693746,1088075,836,19.59557930000301,cuda
473000,2365.000000028412,20089,19943,19816,19943,0.05,0.02357146197131702,1088514,439,7.009012799997436,cuda
473500,2367.5000000284667,20097,19951,19824,19951,0.05,0.022567139472812414,1089014,500,17.873574699999153,cuda
474000,2370.0000000285213,20109,19963,19836,19963,0.05,0.02196284771586458,1089645,631,21.590888200000336,cuda
474500,2372.500000028576,20114,19968,19841,19968,0.05,0.0214802049100399,1089861,216,14.787347299999965,cuda
475000,2375.0000000286304,20124,19978,19851,19978,0.05,0.02379784416407347,1090285,424,11.396227199998975,cuda
475500,2377.500000028685,20133,19987,19860,19987,0.05,0.02113572187307808,1090844,559,20.96692930000063,cuda
476000,2380.0000000287396,20143,19997,19870,19997,0.05,0.019740295223891736,1091222,378,17.73892270000215,cuda
476500,2382.500000028794,20155,20008,19881,20008,0.05,0.023633369837294926,1091789,567,23.706165400002646,cuda
477000,2385.0000000288487,20170,20023,19896,20023,0.05,0.023748229506115118,1092426,637,26.39231479999944,cuda
477500,2387.5000000289033,20178,20031,19904,20031,0.05,0.020433721831068397,1092824,398,21.527782900000602,cuda
478000,2390.000000028958,20185,20038,19911,20038,0.05,0.0185756634122559,1093229,405,16.80673260000185,cuda
478500,2392.5000000290124,20194,20047,19920,20047,0.05,0.02162916109793716,1093747,518,20.42086349999954,cuda
479000,2395.000000029067,20212,20065,19938,20065,0.05,0.02250807101113929,1094692,945,23.519833400001517,cuda
479500,2397.5000000291216,20223,20076,19949,20076,0.05,0.022166655568236656,1095313,621,27.25906860000032,cuda
480000,2400.000000029176,20234,20087,19960,20087,0.05,0.020918280140242794,1095820,507,11.69245100000262,cuda
480500,2402.5000000292307,20249,20101,19974,20101,0.05,0.0248422671242484,1096469,649,26.741573100000096,cuda
481000,2405.0000000292853,20262,20114,19987,20114,0.05,0.021927136426361706,1096958,489,15.737627400001656,cuda
481500,2407.50000002934,20279,20131,20004,20131,0.05,0.022827553836738363,1097521,563,14.807819599998766,cuda
482000,2410.0000000293944,20296,20148,20021,20148,0.05,0.02555934027494753,1098151,630,15.254963399998815,cuda
482500,2412.500000029449,20313,20165,20038,20165,0.05,0.020663837792680544,1098714,563,24.787989299999026,cuda
483000,2415.0000000295036,20341,20193,20066,20193,0.05,0.024072515279320732,1099800,1086,32.44413120000172,cuda
483500,2417.500000029558,20376,20227,20100,20227,0.05,0.02073967267813928,1101087,1287,42.80364449999979,cuda
484000,2420.0000000296127,20416,20267,20140,20267,0.05,0.023916484136134387,1102727,1640,49.18074479999996,cuda
484500,2422.5000000296673,20455,20306,20179,20306,0.05,0.022691989914538004,1104766,2039,40.38571830000001,cuda
485000,2425.000000029722,20493,20344,20217,20344,0.05,0.02448113179324489,1106738,1972,31.139731700000993,cuda
485500,2427.5000000297764,20514,20365,20238,20365,0.05,0.023191570437380245,1108015,1277,36.033811199999036,cuda
486000,2430.000000029831,20539,20390,20263,20390,0.05,0.022124239094555378,1109679,1664,47.56171859999813,cuda
486500,2432.5000000298855,20573,20424,20297,20424,0.05,0.022031404735410914,1111839,2160,36.045022499998595,cuda
487000,2435.00000002994,20605,20456,20329,20456,0.05,0.021385666186688468,1114255,2416,38.74715110000034,cuda
487500,2437.5000000299947,20635,20486,20359,20486,0.05,0.021136843226850034,1116601,2346,39.87188650000098,cuda
488000,2440.0000000300493,20671,20522,20395,20522,0.05,0.023632084045352206,1119272,2671,42.1233358999998,cuda
488500,2442.500000030104,20689,20540,20413,20540,0.05,0.02334452648129728,1120752,1480,22.030815999998595,cuda
489000,2445.0000000301584,20721,20572,20445,20572,0.05,0.022656045155599713,1123328,2576,30.25089410000146,cuda
489500,2447.500000030213,20742,20593,20466,20593,0.05,0.020780495412292935,1125144,1816,27.37065630000143,cuda
490000,2450.0000000302675,20770,20620,20493,20620,0.05,0.023725557623913995,1127303,2159,25.68905839999934,cuda
490500,2452.500000030322,20797,20647,20520,20647,0.05,0.021995476067618088,1129766,2463,34.473281500002486,cuda
491000,2455.0000000303767,20831,20681,20554,20681,0.05,0.02304873796289458,1132390,2624,36.8924846000009,cuda
491500,2457.5000000304312,20870,20720,20593,20720,0.05,0.02412881121899073,1135548,3158,53.715360600002896,cuda
492000,2460.000000030486,20893,20743,20616,20743,0.05,0.021692388043131516,1137207,1659,23.818460399998003,cuda
492500,2462.5000000305404,20933,20783,20656,20783,0.05,0.024041834636591375,1139501,2294,34.81795929999862,cuda
493000,2465.000000030595,20960,20810,20683,20810,0.05,0.022436953908591357,1140792,1291,32.29982670000027,cuda
493500,2467.5000000306495,20991,20841,20714,20841,0.05,0.023182098934006308,1142490,1698,39.87477299999955,cuda
494000,2470.000000030704,21023,20873,20746,20873,0.05,0.022160492866532877,1144149,1659,44.876331700001174,cuda
494500,2472.5000000307587,21050,20900,20773,20900,0.05,0.02187237074529683,1145411,1262,25.814610000001267,cuda
495000,2475.000000030813,21077,20927,20800,20927,0.05,0.02095719033645259,1146846,1435,35.14327779999803,cuda
495500,2477.500000030868,21111,20961,20834,20961,0.05,0.021459540023523217,1148601,1755,34.123885599998175,cuda
496000,2480.0000000309224,21145,20995,20868,20995,0.05,0.02167771299205282,1150592,1991,68.09077149999939,cuda
496500,2482.500000030977,21177,21027,20900,21027,0.05,0.02195021975785494,1152394,1802,50.981065100000706,cuda
497000,2485.0000000310315,21206,21056,20929,21056,0.05,0.020971652216695506,1154072,1678,51.789515800002846,cuda
497500,2487.500000031086,21236,21086,20959,21086,0.05,0.02151578413322568,1155740,1668,29.68246839999847,cuda
498000,2490.0000000311406,21265,21115,20988,21115,0.05,0.020733001513470864,1157173,1433,22.361725599999772,cuda
498500,2492.500000031195,21293,21143,21016,21143,0.05,0.02561966286573027,1158705,1532,34.35923130000083,cuda
499000,2495.00000003125,21325,21175,21048,21175,0.05,0.023309833981329575,1160477,1772,31.737902699998813,cuda
499500,2497.5000000313044,21357,21207,21080,21207,0.05,0.021181649470236152,1162158,1681,46.05629210000188,cuda
500000,2500.000000031359,21385,21234,21107,21234,0.05,0.022263766231912153,1163538,1380,25.03063150000162,cuda
500500,2502.5000000314135,21423,21272,21145,21272,0.05,0.023326179110690168,1165697,2159,38.78367470000012,cuda
501000,2505.000000031468,21459,21308,21181,21308,0.05,0.023016928746882413,1167760,2063,36.578134899998986,cuda
501500,2507.5000000315226,21488,21337,21210,21337,0.05,0.022811145072096382,1169487,1727,34.541810599999735,cuda
502000,2510.000000031577,21526,21375,21248,21375,0.05,0.021886417691252734,1171911,2424,47.652699800000846,cuda
502500,2512.5000000316318,21554,21403,21276,21403,0.05,0.02253404781887574,1173568,1657,28.609791399998358,cuda
503000,2515.0000000316863,21577,21426,21299,21426,0.05,0.022698447148761024,1175050,1482,22.89962220000234,cuda
503500,2517.500000031741,21604,21453,21326,21453,0.05,0.022756202629318944,1176606,1556,27.204761999997572,cuda
504000,2520.0000000317955,21632,21481,21354,21481,0.05,0.0219459186441132,1178161,1555,41.487220900002285,cuda
504500,2522.50000003185,21661,21510,21383,21510,0.05,0.018495090948096638,1179517,1356,28.714804499999445,cuda
505000,2525.0000000319046,21694,21542,21415,21542,0.05,0.019417084229644388,1181509,1992,37.52771750000102,cuda
505500,2527.500000031959,21711,21559,21432,21559,0.05,0.021037318908116397,1182594,1085,15.069504600000073,cuda
506000,2530.0000000320138,21736,21584,21457,21584,0.05,0.02118129000067711,1184225,1631,22.706689800001186,cuda
506500,2532.5000000320683,21757,21605,21478,21605,0.05,0.023171287384771165,1185486,1261,25.174260100000538,cuda
507000,2535.000000032123,21782,21628,21501,21628,0.05,0.02112261950969696,1187502,2016,28.86079769999924,cuda
507500,2537.5000000321775,21803,21649,21522,21649,0.05,0.022347880128238882,1188829,1327,21.380052100001194,cuda
508000,2540.000000032232,21824,21670,21543,21670,0.05,0.021206280881805078,1190172,1343,33.93820589999814,cuda
508500,2542.5000000322866,21838,21684,21557,21684,0.05,0.021527282760611603,1190867,695,9.383210699998017,cuda
509000,2545.000000032341,21857,21703,21576,21703,0.05,0.021711281598790697,1191983,1116,25.345718199998373,cuda
509500,2547.5000000323957,21871,21716,21589,21716,0.05,0.020426310813770845,1192852,869,12.332727900000464,cuda
510000,2550.0000000324503,21891,21736,21609,21736,0.05,0.020337653160095216,1194089,1237,20.33027349999975,cuda
510500,2552.500000032505,21911,21756,21629,21756,0.05,0.020855159591883422,1195185,1096,21.510405799999717,cuda
511000,2555.0000000325595,21934,21779,21652,21779,0.05,0.022095653997815174,1196518,1333,33.466457999998966,cuda
511500,2557.500000032614,21956,21801,21674,21801,0.05,0.024144578344103964,1197862,1344,22.00852859999941,cuda
512000,2560.0000000326686,21981,21826,21699,21826,0.05,0.02043673250824213,1199647,1785,25.834981200001494,cuda
512500,2562.500000032723,22000,21844,21717,21844,0.05,0.02185400678879685,1200731,1084,33.28709810000146,cuda
513000,2565.0000000327777,22014,21858,21731,21858,0.05,0.022465925264571394,1201436,705,19.386554100001376,cuda
513500,2567.5000000328323,22040,21884,21757,21884,0.05,0.020662880753381893,1202911,1475,31.75859610000043,cuda
514000,2570.000000032887,22051,21895,21768,21895,0.05,0.023103594525971195,1203533,622,16.224417500001437,cuda
514500,2572.5000000329414,22064,21908,21781,21908,0.05,0.024148905363220435,1204313,780,16.078922500000772,cuda
515000,2575.000000032996,22075,21919,21792,21919,0.05,0.025130787694996052,1204855,542,17.286488099998678,cuda
515500,2577.5000000330506,22089,21933,21806,21933,0.05,0.02015591931662389,1205565,710,16.09219429999939,cuda
516000,2580.000000033105,22105,21949,21822,21949,0.05,0.01845664862776175,1206624,1059,26.09808770000018,cuda
516500,2582.5000000331597,22117,21961,21834,21961,0.05,0.021531257623185713,1207155,531,12.208412100000714,cuda
517000,2585.0000000332143,22132,21976,21849,21976,0.05,0.021592669437328973,1207915,760,15.608341800001654,cuda
517500,2587.500000033269,22148,21992,21865,21992,0.05,0.02086982736364007,1208821,906,24.47990579999896,cuda
518000,2590.0000000333234,22164,22008,21881,22008,0.05,0.024026622937526554,1209498,677,27.532628199998726,cuda
518500,2592.500000033378,22176,22020,21893,22020,0.05,0.02481096874301632,1209863,365,10.951579799999308,cuda
519000,2595.0000000334326,22195,22039,21912,22039,0.05,0.022043896397869838,1210452,589,22.940071699998953,cuda
519500,2597.500000033487,22204,22048,21921,22048,0.05,0.023203304761813745,1210931,479,14.051475899999787,cuda
520000,2600.0000000335417,22213,22057,21930,22057,0.05,0.0212835729536083,1211287,356,8.611450699998386,cuda
520500,2602.5000000335963,22226,22070,21943,22070,0.05,0.021213354542851448,1211926,639,30.456691999999748,cuda
521000,2605.000000033651,22246,22090,21963,22090,0.05,0.019934975495561957,1213103,1177,39.02085369999986,cuda
521500,2607.5000000337054,22265,22109,21982,22109,0.05,0.021624164263668814,1214204,1101,37.85258100000283,cuda
522000,2610.00000003376,22285,22129,22002,22129,0.05,0.023280341550707816,1215542,1338,29.639790599998378,cuda
522500,2612.5000000338146,22298,22142,22015,22142,0.05,0.025010336763583697,1216256,714,19.68262020000111,cuda
523000,2615.000000033869,22312,22156,22029,22156,0.05,0.02305576058902911,1217196,940,16.90166060000047,cuda
523500,2617.5000000339237,22334,22178,22051,22178,0.05,0.023858424360779198,1218406,1210,26.543743900001573,cuda
524000,2620.0000000339783,22352,22196,22069,22196,0.05,0.025454456452280283,1219283,877,24.408140999999887,cuda
524500,2622.500000034033,22373,22217,22090,22217,0.05,0.022023631703285945,1220514,1231,39.27736489999734,cuda
525000,2625.0000000340874,22396,22240,22113,22240,0.05,0.024835063063580055,1221753,1239,36.47282569999879,cuda
525500,2627.500000034142,22407,22251,22124,22251,0.05,0.024746152318336746,1222430,677,14.22516689999975,cuda
526000,2630.0000000341965,22425,22269,22142,22269,0.05,0.023232782673504617,1223437,1007,36.32234129999779,cuda
526500,2632.500000034251,22437,22281,22154,22281,0.05,0.024378604410837095,1224236,799,29.004078399997525,cuda
527000,2635.0000000343057,22450,22294,22167,22294,0.05,0.02319243994469826,1224954,718,21.21922859999904,cuda
527500,2637.5000000343603,22463,22307,22180,22307,0.05,0.02285780134395911,1225870,916,27.235523700001067,cuda
528000,2640.000000034415,22467,22311,22184,22311,0.05,0.024737524334341288,1226099,229,5.103680299998814,cuda
528500,2642.5000000344694,22480,22324,22197,22324,0.05,0.022785720200492784,1226912,813,20.786583200002497,cuda
529000,2645.000000034524,22493,22337,22210,22337,0.05,0.02460163874694934,1227553,641,15.505833299997903,cuda
529500,2647.5000000345785,22502,22346,22219,22346,0.05,0.02408699732687738,1228130,577,15.904658100000233,cuda
530000,2650.000000034633,22520,22364,22237,22364,0.05,0.022537193571527798,1229084,954,31.80799240000124,cuda
530500,2652.5000000346877,22525,22369,22242,22369,0.05,0.019200905039906502,1229342,258,21.09835280000334,cuda
531000,2655.0000000347422,22534,22378,22251,22378,0.05,0.025750686104098957,1229900,558,10.001187099998788,cuda
531500,2657.500000034797,22547,22391,22264,22391,0.05,0.024118013106859647,1230734,834,25.04304349999802,cuda
532000,2660.0000000348514,22555,22399,22272,22399,0.05,0.026410578517243266,1231232,498,15.749789900000906,cuda
532500,2662.500000034906,22562,22406,22279,22406,0.05,0.020594009065202305,1231572,340,8.675038800000038,cuda
533000,2665.0000000349605,22570,22414,22287,22414,0.05,0.023880003951489925,1231992,420,30.374693800000387,cuda
533500,2667.500000035015,22578,22422,22295,22422,0.05,0.027845523552969098,1232299,307,17.012314899999183,cuda
534000,2670.0000000350697,22587,22431,22304,22431,0.05,0.023636725420753162,1232656,357,22.546167000000423,cuda
534500,2672.5000000351242,22596,22440,22313,22440,0.05,0.024603051857815847,1233023,367,21.872715999998036,cuda
535000,2675.000000035179,22610,22454,22327,22454,0.05,0.023168789755020822,1233658,635,37.07824389999951,cuda
535500,2677.5000000352334,22618,22462,22335,22462,0.05,0.021293576108291745,1234060,402,31.16195009999865,cuda
536000,2680.000000035288,22631,22475,22348,22475,0.05,0.023638600268616125,1234589,529,21.468413800001144,cuda
536500,2682.5000000353425,22642,22485,22358,22485,0.05,0.025158066116273404,1234900,311,19.11554420000175,cuda
537000,2685.000000035397,22657,22500,22373,22500,0.05,0.024913003544012706,1235501,601,33.1257721999973,cuda
537500,2687.5000000354516,22671,22514,22387,22514,0.05,0.024775983499629155,1235983,482,20.343257300002733,cuda
538000,2690.000000035506,22685,22528,22401,22528,0.05,0.022268913819321563,1236621,638,27.089590400002635,cuda
538500,2692.500000035561,22708,22551,22424,22551,0.05,0.024951891730660977,1237227,606,21.564991600000212,cuda
539000,2695.0000000356154,22728,22571,22444,22571,0.05,0.027187925996258855,1237962,735,46.88194579999981,cuda
539500,2697.50000003567,22740,22582,22455,22582,0.05,0.022434523752467198,1238469,507,13.002446499998769,cuda
540000,2700.0000000357245,22759,22601,22474,22601,0.05,0.02599635181066237,1239320,851,41.6523234999986,cuda
540500,2702.500000035779,22792,22632,22505,22632,0.05,0.02328281894686722,1240491,1171,37.526960999999574,cuda
541000,2705.0000000358336,22814,22654,22527,22654,0.05,0.023611265954307535,1241433,942,21.971757600000274,cuda
541500,2707.500000035888,22846,22686,22559,22686,0.05,0.024290624220157042,1243058,1625,48.47993159999896,cuda
542000,2710.000000035943,22878,22718,22591,22718,0.05,0.025737227348145097,1244647,1589,32.513168100002076,cuda
542500,2712.5000000359973,22910,22750,22623,22750,0.05,0.02367156359832734,1246381,1734,30.497671599998284,cuda
543000,2715.000000036052,22944,22784,22657,22784,0.05,0.02216813277781886,1248879,2498,42.92834629999925,cuda
543500,2717.5000000361065,22971,22810,22683,22810,0.05,0.022314638974001773,1250810,1931,27.624211400001514,cuda
544000,2720.000000036161,22998,22837,22710,22837,0.05,0.023108360185115424,1252912,2102,21.87924369999746,cuda
544500,2722.5000000362156,23029,22868,22741,22868,0.05,0.024973067064439098,1255128,2216,29.990159199998743,cuda
545000,2725.00000003627,23066,22905,22778,22905,0.05,0.02367005474563386,1257803,2675,34.644418799998675,cuda
545500,2727.5000000363248,23102,22940,22813,22940,0.05,0.023561104174171177,1260046,2243,46.8602690000007,cuda
546000,2730.0000000363793,23139,22977,22850,22977,0.05,0.02474216472458195,1262515,2469,36.039369300000544,cuda
546500,2732.500000036434,23173,23011,22884,23011,0.05,0.0231986430418842,1264552,2037,26.301784499999485,cuda
547000,2735.0000000364885,23200,23038,22911,23038,0.05,0.026056357210984937,1266380,1828,37.769673599999805,cuda
547500,2737.500000036543,23244,23081,22954,23081,0.05,0.024768320280452106,1269041,2661,44.53013270000156,cuda
548000,2740.0000000365976,23291,23128,23001,23128,0.05,0.02368704594196157,1272166,3125,65.05565099999876,cuda
548500,2742.500000036652,23314,23151,23024,23151,0.05,0.025699195249573044,1273689,1523,21.035806600000797,cuda
549000,2745.0000000367068,23339,23176,23049,23176,0.05,0.024762024953961372,1275198,1509,25.667910899999697,cuda
549500,2747.5000000367613,23369,23206,23079,23206,0.05,0.02294763323540489,1276806,1608,41.97663569999713,cuda
550000,2750.000000036816,23389,23226,23099,23226,0.05,0.022545369900763036,1277678,872,24.094375000000582,cuda
550500,2752.5000000368705,23421,23258,23131,23258,0.05,0.023570689547341317,1278829,1151,36.56450119999863,cuda
551000,2755.000000036925,23453,23290,23163,23290,0.05,0.02394673411617987,1280209,1380,34.65972099999999,cuda
551500,2757.5000000369796,23487,23324,23197,23324,0.05,0.02188969392548589,1281893,1684,61.705632199998945,cuda
552000,2760.000000037034,23521,23358,23231,23358,0.05,0.0265505199375398,1283317,1424,31.940240300002188,cuda
552500,2762.5000000370887,23551,23388,23261,23388,0.05,0.022616694681346416,1284793,1476,38.11993419999999,cuda
553000,2765.0000000371433,23589,23425,23298,23425,0.05,0.022202569638957847,1286562,1769,56.56901310000103,cuda
553500,2767.500000037198,23618,23454,23327,23454,0.05,0.023302856447367834,1287761,1199,30.171675500001584,cuda
554000,2770.0000000372524,23643,23479,23352,23479,0.05,0.024152249470353125,1289052,1291,23.28850059999968,cuda
554500,2772.500000037307,23666,23502,23375,23502,0.05,0.02158303360414246,1290063,1011,24.918309799999406,cuda
555000,2775.0000000373616,23692,23528,23401,23528,0.05,0.022083304894085113,1291282,1219,33.18732520000049,cuda
555500,2777.500000037416,23714,23550,23423,23550,0.05,0.023257517255842686,1292522,1240,29.72537369999918,cuda
556000,2780.0000000374707,23738,23574,23447,23574,0.05,0.02140733867418021,1293811,1289,40.856072499998845,cuda
556500,2782.5000000375253,23766,23602,23475,23602,0.05,0.022805981770423905,1295054,1243,31.80322890000025,cuda
557000,2785.00000003758,23802,23638,23511,23638,0.05,0.022918065699438255,1296621,1567,38.051012799998716,cuda
557500,2787.5000000376344,23850,23686,23559,23686,0.05,0.022636740022183705,1299285,2664,50.883818899998005,cuda
558000,2790.000000037689,23870,23706,23579,23706,0.05,0.023718014638870955,1300381,1096,20.619048200002,cuda
558500,2792.5000000377436,23905,23741,23614,23741,0.05,0.0245393378926175,1302103,1722,34.188391200001206,cuda
559000,2795.000000037798,23939,23774,23647,23774,0.05,0.02347712153851083,1303779,1676,39.858192299998336,cuda
559500,2797.5000000378527,23977,23812,23685,23812,0.05,0.025273642894860945,1305502,1723,40.4618421999985,cuda
560000,2800.0000000379073,24009,23844,23717,23844,0.05,0.023583119502291083,1306912,1410,48.39768410000033,cuda
560500,2802.500000037962,24050,23885,23758,23885,0.05,0.02409636467786097,1308649,1737,46.43891680000161,cuda
561000,2805.0000000380164,24083,23917,23790,23917,0.05,0.025008067023009062,1310405,1756,39.754878499999904,cuda
561500,2807.500000038071,24117,23950,23823,23950,0.05,0.02314832510257309,1311786,1381,32.18786639999962,cuda
562000,2810.0000000381256,24142,23975,23848,23975,0.05,0.02436201401054859,1312966,1180,28.203881399997044,cuda
562500,2812.50000003818,24170,24002,23875,24002,0.05,0.023994189652579802,1314119,1153,27.032789400000183,cuda
563000,2815.0000000382347,24196,24028,23901,24028,0.05,0.02345665107266261,1315387,1268,38.01920590000009,cuda
563500,2817.5000000382893,24209,24040,23913,24040,0.05,0.021154811916251976,1316025,638,16.924065999999584,cuda
564000,2820.000000038344,24233,24064,23937,24064,0.05,0.023283189356637497,1316884,859,20.437761400000454,cuda
564500,2822.5000000383984,24250,24081,23954,24081,0.05,0.025215909651973668,1317688,804,28.742156599997543,cuda
565000,2825.000000038453,24268,24099,23972,24099,0.05,0.023990132638977632,1318772,1084,19.05482689999917,cuda
565500,2827.5000000385076,24296,24126,23999,24126,0.05,0.022094974121837703,1320408,1636,31.85847240000294,cuda
566000,2830.000000038562,24314,24144,24017,24144,0.05,0.027308105180660885,1321430,1022,24.82028089999949,cuda
566500,2832.5000000386167,24336,24166,24039,24166,0.05,0.025312297130850227,1322531,1101,25.585794999999052,cuda
567000,2835.0000000386713,24360,24190,24063,24190,0.05,0.025174438138492405,1323792,1261,23.88118409999879,cuda
567500,2837.500000038726,24376,24206,24079,24206,0.05,0.022516712080687284,1324517,725,14.78125960000034,cuda
568000,2840.0000000387804,24394,24224,24097,24224,0.05,0.02520033230798112,1325597,1080,31.5005061999982,cuda
568500,2842.500000038835,24413,24243,24116,24243,0.05,0.025237489540718104,1326481,884,24.167963100000634,cuda
569000,2845.0000000388895,24437,24266,24139,24266,0.05,0.024030576986463173,1327805,1324,30.038304600002448,cuda
569500,2847.500000038944,24458,24286,24159,24286,0.05,0.024413871113210917,1328705,900,25.749468699999852,cuda
570000,2850.0000000389987,24478,24306,24179,24306,0.05,0.02321375459432602,1329632,927,14.156911599999148,cuda
570500,2852.5000000390532,24501,24329,24202,24329,0.05,0.023300449323395023,1330720,1088,32.89902349999829,cuda
571000,2855.000000039108,24520,24348,24221,24348,0.05,0.023396647094111694,1331429,709,20.467433199999505,cuda
571500,2857.5000000391624,24540,24368,24241,24368,0.05,0.024076764285564423,1332457,1028,23.842492100000527,cuda
572000,2860.000000039217,24561,24389,24262,24389,0.05,0.0251682736423044,1333621,1164,21.75669689999995,cuda
572500,2862.5000000392715,24572,24400,24273,24400,0.05,0.022174348546700043,1334120,499,8.774449500000628,cuda
573000,2865.000000039326,24585,24412,24285,24412,0.05,0.02185766181598107,1334768,648,14.877433599998767,cuda
573500,2867.5000000393807,24602,24428,24301,24428,0.05,0.025510071543976665,1335727,959,22.757585100000142,cuda
574000,2870.0000000394352,24619,24445,24318,24445,0.05,0.02527346955064465,1336857,1130,24.040346099998715,cuda
574500,2872.50000003949,24634,24460,24333,24460,0.05,0.025925805419683458,1337618,761,37.459173200000805,cuda
575000,2875.0000000395444,24644,24469,24342,24469,0.05,0.022451767284009192,1338130,512,18.296482599998853,cuda
575500,2877.500000039599,24658,24483,24356,24483,0.05,0.02336573534246002,1338890,760,16.424796499999502,cuda
576000,2880.0000000396535,24670,24495,24368,24495,0.05,0.02268858952447772,1339564,674,21.74677840000004,cuda
576500,2882.500000039708,24683,24508,24381,24508,0.05,0.025964681775524065,1340348,784,16.720189800002117,cuda
577000,2885.0000000397627,24699,24524,24397,24524,0.05,0.025145555497147143,1341450,1102,18.973787900002208,cuda
577500,2887.500000039817,24718,24543,24416,24543,0.05,0.023303408959978504,1342487,1037,18.66399349999847,cuda
578000,2890.000000039872,24737,24562,24435,24562,0.05,0.022624744984664415,1343471,984,22.157458899997437,cuda
578500,2892.5000000399264,24759,24584,24457,24584,0.05,0.02337720977481116,1344951,1480,33.07155960000091,cuda
579000,2895.000000039981,24776,24601,24474,24601,0.05,0.021982343976988512,1346002,1051,15.027571200000239,cuda
579500,2897.5000000400355,24794,24619,24492,24619,0.05,0.022283294548590977,1347101,1099,22.007477000002837,cuda
580000,2900.00000004009,24811,24636,24509,24636,0.05,0.02285153270863435,1348248,1147,23.394304599998577,cuda
580500,2902.5000000401446,24825,24650,24523,24650,0.05,0.0253525296492236,1349240,992,19.120831200001703,cuda
581000,2905.000000040199,24844,24669,24542,24669,0.05,0.022800752108818607,1350492,1252,31.65104579999752,cuda
581500,2907.500000040254,24855,24680,24553,24680,0.05,0.022899203849109737,1351105,613,10.567419999999402,cuda
582000,2910.0000000403084,24871,24696,24569,24696,0.05,0.0237596218357794,1352078,973,34.52880989999903,cuda
582500,2912.500000040363,24885,24710,24583,24710,0.05,0.02305755883987461,1352948,870,23.931268100001034,cuda
583000,2915.0000000404175,24901,24726,24599,24726,0.05,0.023350444389507174,1353881,933,19.96583439999813,cuda
583500,2917.500000040472,24919,24744,24617,24744,0.05,0.024058803139875334,1355193,1312,34.903158999997686,cuda
584000,2920.0000000405266,24931,24756,24629,24756,0.05,0.0231837824297448,1355753,560,14.334416599998804,cuda
584500,2922.500000040581,24944,24769,24642,24769,0.05,0.026891924584141143,1356392,639,16.59675520000019,cuda
585000,2925.0000000406358,24957,24782,24655,24782,0.05,0.02386690446963677,1357080,688,25.409300499999517,cuda
585500,2927.5000000406903,24967,24792,24665,24792,0.05,0.02208251375705004,1357523,443,11.290682399998332,cuda
586000,2930.000000040745,24979,24804,24677,24804,0.05,0.021039577201008797,1358287,764,23.317651400000614,cuda
586500,2932.5000000407995,24988,24813,24686,24813,0.05,0.02492772291103999,1358836,549,14.899376000001212,cuda
587000,2935.000000040854,24995,24820,24693,24820,0.05,0.025099754067403928,1359199,363,13.809223200001725,cuda
587500,2937.5000000409086,25005,24830,24703,24830,0.05,0.024198032543063165,1359717,518,18.7871249000018,cuda
588000,2940.000000040963,25016,24841,24714,24841,0.05,0.02580304274504835,1360411,694,20.559775900001114,cuda
588500,2942.5000000410178,25026,24851,24724,24851,0.05,0.025565414503216744,1361045,634,18.90414989999772,cuda
589000,2945.0000000410723,25039,24864,24737,24864,0.05,0.024202599978217713,1361770,725,18.851555199998984,cuda
589500,2947.500000041127,25049,24874,24747,24874,0.05,0.023796007689088582,1362222,452,13.303107600000658,cuda
590000,2950.0000000411815,25060,24885,24758,24885,0.05,0.023825532841411503,1362750,528,21.770969299999706,cuda
590500,2952.500000041236,25069,24894,24767,24894,0.05,0.020732043104039297,1363543,793,29.757703000002948,cuda
591000,2955.0000000412906,25082,24906,24779,24906,0.05,0.022065240889787674,1364296,753,32.633869599998434,cuda
591500,2957.500000041345,25093,24916,24789,24916,0.05,0.02275278978049755,1364896,600,12.191278199999942,cuda
592000,2960.0000000413997,25108,24931,24804,24931,0.05,0.023004423081874847,1365650,754,27.86619719999726,cuda
592500,2962.5000000414543,25121,24944,24817,24944,0.05,0.02701841968183334,1366238,588,15.53892310000083,cuda
593000,2965.000000041509,25133,24956,24829,24956,0.05,0.024163019688179094,1366897,659,31.522210999999515,cuda
593500,2967.5000000415635,25150,24973,24846,24973,0.05,0.024624797460787436,1367963,1066,25.36639749999813,cuda
594000,2970.000000041618,25166,24989,24862,24989,0.05,0.021767403930425644,1368904,941,35.46576809999897,cuda
594500,2972.5000000416726,25183,25006,24879,25006,0.05,0.025027596117819056,1369923,1019,45.59905699999945,cuda
595000,2975.000000041727,25193,25016,24889,25016,0.05,0.02675851732492447,1370484,561,17.055432699999074,cuda
595500,2977.5000000417817,25208,25030,24903,25030,0.05,0.02542980813554355,1371314,830,22.09328000000096,cuda
596000,2980.0000000418363,25229,25051,24924,25051,0.05,0.02263670392511856,1372141,827,19.638887500001147,cuda
596500,2982.500000041891,25245,25067,24940,25067,0.05,0.021806949574965984,1372667,526,31.175365499999316,cuda
597000,2985.0000000419454,25258,25080,24953,25080,0.05,0.022625095425890043,1373254,587,12.549724099997547,cuda
597500,2987.500000042,25272,25094,24967,25094,0.05,0.024362551580582346,1373961,707,27.40317480000158,cuda
598000,2990.0000000420546,25296,25118,24991,25118,0.05,0.024540260899811983,1375364,1403,32.75440560000061,cuda
598500,2992.500000042109,25317,25139,25012,25139,0.05,0.0282223206900415,1376666,1302,21.432981500001915,cuda
599000,2995.0000000421637,25349,25171,25044,25171,0.05,0.026942229305859655,1378682,2016,47.23699510000006,cuda
599500,2997.5000000422183,25381,25203,25076,25203,0.05,0.026635150832589716,1380409,1727,37.51517799999783,cuda
600000,3000.000000042273,25424,25246,25119,25246,0.05,0.0262088384046111,1382845,2436,64.41608909999923,cuda
